날짜,지점,평균기온(℃),최저기온(℃),최고기온(℃)
1980-12-03,108,-1.6,-7.2,2.6
1980-12-04,108,-7.1,-9.9,-3.7
1980-12-05,108,-3.3,-8.5,1.6
1980-12-08,108,-0.9,-2.9,1.4
1980-12-09,108,-2.8,-5.5,0.2
1980-12-12,108,-7.8,-13.3,-1
1980-12-13,108,-10.5,-14.5,-6
1980-12-14,108,-6.6,-10,-3.1
1980-12-15,108,-6.7,-10.4,-1.2
1980-12-16,108,-4.4,-8.8,0.5
1980-12-17,108,-2.1,-6.7,3.2
1980-12-18,108,-1,-3.3,2.9
1980-12-19,108,-3.5,-5.8,-0.4
1980-12-20,108,-5.7,-8,-2.7
1980-12-21,108,-5.4,-10.1,0.4
1980-12-22,108,-2.1,-6.5,2.1
1980-12-23,108,-1.3,-5,0.5
1980-12-24,108,-2.6,-6.1,2.4
1980-12-25,108,-1.1,-4,2.2
1980-12-26,108,-8.3,-10.7,-4
1980-12-27,108,-10.4,-12.5,-7.2
1980-12-28,108,-12.1,-13.7,-8.4
1980-12-29,108,-12.9,-16.2,-8.7
1980-12-30,108,-9.8,-14.5,-4.2
1980-12-31,108,-6.3,-11.4,-1.2
1981-01-01,108,-3.3,-6.3,-0.2
1981-01-02,108,-9.6,-12.5,-6.3
1981-01-03,108,-12.2,-14.7,-8.8
1981-01-04,108,-12.1,-16.5,-7.1
1981-01-05,108,-11.7,-14.9,-8.2
1981-01-06,108,-10,-15.3,-4.8
1981-01-07,108,-7.1,-12.5,-0.5
1981-01-08,108,-4.7,-9.8,-0.8
1981-01-09,108,-3.4,-6.9,0.8
1981-01-10,108,-7,-10.2,-4.2
1981-01-11,108,-7.6,-11.6,-3.4
1981-01-12,108,-6,-9,-1.6
1981-01-13,108,-9.1,-11.7,-5.5
1981-01-14,108,-8.6,-13.4,-4.2
1981-01-15,108,-5.6,-8.2,-2.7
1981-01-16,108,-5.9,-8.6,-2.2
1981-01-17,108,-7.2,-12,-1.5
1981-01-18,108,-4.1,-8.2,0.6
1981-01-19,108,-5.2,-7.8,-1.6
1981-01-20,108,-7.1,-11,-2.3
1981-01-21,108,-7.5,-11.3,-2.6
1981-01-22,108,-8.4,-12.2,-3.7
1981-01-23,108,-6.5,-11.2,-1.5
1981-01-24,108,-4.1,-5.8,-0.7
1981-01-25,108,-7.1,-10,-3.3
1981-01-26,108,-9.2,-12.7,-5
1981-01-27,108,-8.3,-12.9,-2.7
1981-01-28,108,-5.5,-9.9,0.4
1981-01-29,108,-4.4,-7.9,0.6
1981-01-30,108,-5.2,-9.1,-0.3
1981-01-31,108,-4.3,-9.2,1.3
1981-02-01,108,-2.4,-7.3,2.5
1981-02-02,108,-3.7,-9.5,2.1
1981-02-03,108,-5.3,-7.6,-1.8
1981-02-04,108,-6.2,-9.8,-1.4
1981-02-05,108,-4.3,-9,1.4
1981-02-06,108,-2,-6.6,3
1981-02-07,108,-1.8,-4.4,0.8
1981-02-08,108,-0.8,-3.2,0.6
1981-02-09,108,-0.7,-4,3
1981-02-10,108,-0.3,-3.2,3.6
1981-02-11,108,-1.2,-5.9,4.6
1981-02-19,108,-1,-4.6,3.8
1981-02-20,108,-1.5,-4.1,0.4
1981-02-21,108,-2.7,-6.2,1.9
1981-02-24,108,-1.7,-6.2,2.9
1981-02-25,108,-9,-13.2,-6
1981-02-26,108,-12.2,-15.6,-7.9
1981-02-27,108,-9.2,-13.7,-2.7
1981-02-28,108,-3.3,-7.6,1.8
1981-03-06,108,-1,-5.1,3.2
1981-11-07,108,-1.6,-4.5,1
1981-11-08,108,-3,-7,1.8
1981-11-09,108,-1,-6,3.8
1981-11-28,108,-2.5,-5.9,1.8
1981-11-29,108,-1,-3.9,2.8
1981-12-01,108,-5.5,-9.4,0.4
1981-12-02,108,-6.5,-11,-2.2
1981-12-03,108,-1.8,-8.5,4.3
1981-12-06,108,-0.7,-5,3.4
1981-12-13,108,-2.1,-4.8,1.2
1981-12-14,108,-4.8,-7.2,-1.3
1981-12-15,108,-5.3,-8.6,-1
1981-12-16,108,-2.1,-6.1,3
1981-12-17,108,-1,-5.7,4.2
1981-12-18,108,-0.3,-4.2,4.5
1981-12-19,108,-1.1,-2.5,-0.3
1981-12-20,108,-0.7,-4.4,2.8
1981-12-21,108,-0.4,-5.6,4.4
1981-12-24,108,-0.9,-5,4
1981-12-30,108,-3.3,-6.3,-0.6
1981-12-31,108,-1.4,-4.9,1.2
1982-01-01,108,-2.8,-5.3,0.2
1982-01-02,108,-1,-4.1,3.4
1982-01-05,108,-0.8,-3.6,2.6
1982-01-06,108,-1.5,-5.2,3.1
1982-01-07,108,-3.9,-7.2,0.1
1982-01-08,108,-1.6,-4.6,1.1
1982-01-10,108,-0.8,-5.6,4.9
1982-01-12,108,-9.4,-12.5,-2.3
1982-01-13,108,-10.1,-12.6,-5.8
1982-01-14,108,-9.5,-13.8,-4.5
1982-01-15,108,-6.6,-9.5,-2.6
1982-01-16,108,-7.6,-10.2,-3.6
1982-01-17,108,-6.4,-11,-1.4
1982-01-18,108,-5.6,-9.1,-2.4
1982-01-19,108,-8.8,-11.8,-5
1982-01-20,108,-5.8,-11.3,0.5
1982-01-21,108,-0.1,-5.2,6.6
1982-01-23,108,-0.6,-3.8,3.3
1982-01-25,108,-0.8,-4.6,4.8
1982-01-26,108,-0.4,-3.4,4.5
1982-01-27,108,-4.9,-8.3,-2.2
1982-01-28,108,-10.3,-12.8,-7
1982-01-29,108,-10.1,-14.1,-4.8
1982-01-30,108,-7.2,-12.2,-1.1
1982-01-31,108,-4.3,-8.2,-0.5
1982-02-01,108,-3.4,-6.4,-0.2
1982-02-02,108,-4.3,-8.9,2
1982-02-03,108,-0.4,-3.2,3.6
1982-02-05,108,-5,-8,-0.9
1982-02-06,108,-5.9,-9.4,-2.8
1982-02-07,108,-8.4,-11.8,-3.8
1982-02-08,108,-6.1,-10.9,-0.3
1982-02-09,108,-1.9,-5.2,4.2
1982-02-10,108,-3.4,-7.7,1.3
1982-02-11,108,-2.7,-7.8,2.3
1982-02-15,108,-0.2,-4.5,5.6
1982-03-06,108,-1.1,-3.8,2.8
1982-03-07,108,-1.6,-5.3,2.8
1982-11-24,108,-1.8,-5.8,3.8
1982-11-25,108,-2.6,-7.1,2.7
1982-12-05,108,-3.8,-7.7,3.8
1982-12-06,108,-6,-9.8,-1.9
1982-12-07,108,-1.8,-6.7,3.5
1982-12-12,108,-6.1,-8.4,-3.9
1982-12-13,108,-5.5,-8,-2
1982-12-14,108,-4.2,-9,0.9
1982-12-15,108,-1.3,-5.6,3.4
1982-12-17,108,-4,-7.3,0.4
1982-12-18,108,-6,-9.5,-1.9
1982-12-19,108,-2.1,-7.2,3.2
1982-12-25,108,-2.7,-5.4,0.4
1982-12-26,108,-0.6,-4,3.3
1982-12-31,108,-1.4,-5,2.8
1983-01-01,108,-0.1,-4.7,5.9
1983-01-03,108,-0.3,-4.2,5
1983-01-08,108,-7.6,-11.8,-2.5
1983-01-09,108,-10,-13.9,-5.4
1983-01-10,108,-9.2,-12.4,-5.7
1983-01-11,108,-7.5,-12.1,-3.8
1983-01-12,108,-4.7,-8.2,-1.8
1983-01-13,108,-2.9,-5.9,0.5
1983-01-14,108,-2.2,-7.5,3.4
1983-01-15,108,-1.9,-5.8,2.2
1983-01-18,108,-0.6,-4.2,3.4
1983-01-19,108,-5.7,-8.9,-2.7
1983-01-20,108,-8.6,-11.9,-5
1983-01-21,108,-8.8,-12,-4.8
1983-01-22,108,-8.5,-12.7,-4.2
1983-01-23,108,-3.5,-8.8,1.7
1983-02-07,108,-1.2,-3.8,1.4
1983-02-08,108,-1.9,-4.6,0.5
1983-02-09,108,-3.5,-7.2,0.3
1983-02-10,108,-3.9,-8.1,0.3
1983-02-11,108,-5.8,-9.2,-2.2
1983-02-12,108,-9.5,-13.3,-6.2
1983-02-13,108,-8,-12.5,-2.9
1983-02-14,108,-3.6,-8.2,1.2
1983-02-18,108,-8.2,-10.2,-4.4
1983-02-19,108,-8.2,-12.4,-3.3
1983-02-20,108,-8.1,-11.3,-4.8
1983-02-21,108,-6,-11.2,-0.7
1983-02-22,108,-2.4,-7.9,3.3
1983-02-25,108,-0.3,-4.6,5
1983-11-17,108,-3.5,-6,-1.8
1983-11-26,108,-1.6,-4.2,1.6
1983-12-14,108,-1,-3.9,1.9
1983-12-15,108,-2.4,-5.7,2.2
1983-12-16,108,-3.7,-7.6,0.1
1983-12-17,108,-5.1,-7.1,-2.5
1983-12-18,108,-4.6,-9.6,1.4
1983-12-19,108,-1.2,-4.5,2.9
1983-12-20,108,-1.3,-6.4,5
1983-12-21,108,-0.5,-5.6,4
1983-12-22,108,-0.4,-7.3,1.8
1983-12-23,108,-7.5,-11,-4
1983-12-24,108,-7.7,-11.3,-5.7
1983-12-25,108,-9.4,-13.5,-5.1
1983-12-26,108,-5.8,-10.4,-1
1983-12-27,108,-6.5,-9.5,-2.8
1983-12-28,108,-7,-9.6,-3.7
1983-12-29,108,-8.1,-11.2,-4.4
1983-12-30,108,-6.3,-8.5,-4.3
1983-12-31,108,-6.2,-10.1,-2.1
1984-01-01,108,-4.8,-9.7,-0.2
1984-01-02,108,-0.8,-2.5,0.1
1984-01-03,108,-2.1,-6.5,0.1
1984-01-04,108,-7.4,-9.3,-5.2
1984-01-05,108,-8.7,-12,-4.7
1984-01-06,108,-7.4,-12.1,-2.3
1984-01-07,108,-5.1,-9.3,-1.6
1984-01-08,108,-4.8,-8.2,-0.7
1984-01-09,108,-1.5,-7.5,4.1
1984-01-10,108,-0.1,-3.8,3.3
1984-01-11,108,-3.4,-6.9,-0.2
1984-01-12,108,-4.1,-7.9,-1.4
1984-01-13,108,-3,-6.1,0.9
1984-01-14,108,-1.7,-6.2,2.9
1984-01-15,108,-6,-10.2,0.3
1984-01-16,108,-10,-13.3,-5.6
1984-01-17,108,-9.7,-12.9,-5.2
1984-01-18,108,-8.3,-11.4,-5
1984-01-19,108,-6.9,-10.3,-2.3
1984-01-20,108,-7.5,-11.2,-3.1
1984-01-21,108,-4.8,-9.3,0.9
1984-01-22,108,-8.1,-11.8,-4.1
1984-01-23,108,-6.5,-10.7,-0.6
1984-01-24,108,-6,-8.5,-2.2
1984-01-25,108,-8.7,-11.4,-5.3
1984-01-26,108,-10.1,-13.6,-5.9
1984-01-27,108,-10.1,-13.6,-5.9
1984-01-28,108,-9.2,-12.6,-5.3
1984-01-29,108,-8.2,-12.4,-3
1984-01-30,108,-4.4,-7.7,-0.8
1984-01-31,108,-2.4,-5.6,3.8
1984-02-01,108,-3.4,-6.5,1.9
1984-02-02,108,-11.2,-14.2,-5.7
1984-02-03,108,-10.2,-15,-3.4
1984-02-04,108,-5.6,-9.9,-0.2
1984-02-05,108,-5.3,-10.4,-1.2
1984-02-06,108,-12.1,-15.1,-8.4
1984-02-07,108,-11,-14,-6.3
1984-02-08,108,-9.3,-13.4,-3.5
1984-02-09,108,-8.2,-12.7,-3.2
1984-02-10,108,-5.8,-11.2,-0.1
1984-02-11,108,-2.2,-7.3,5
1984-02-12,108,-0.7,-5.4,5.1
1984-02-13,108,-1.6,-4.9,2.8
1984-02-14,108,-2.8,-5.7,2
1984-02-15,108,-3.6,-6.5,1.4
1984-02-16,108,-4.2,-8.2,0.3
1984-02-17,108,-1.9,-4.6,2
1984-02-18,108,-2,-6.2,4.3
1984-02-19,108,-1.5,-6.1,3.7
1984-02-20,108,-0.3,-5,6.6
1984-02-26,108,-0.3,-5.1,2.6
1984-02-27,108,-4.4,-6.6,-0.9
1984-02-28,108,-4.3,-8.1,-0.1
1984-02-29,108,-4.4,-8.1,0.6
1984-03-01,108,-0.5,-3.9,4.6
1984-03-02,108,-0.6,-3.9,3.3
1984-03-03,108,-2.3,-5.4,1.7
1984-03-04,108,-2.5,-6.5,3
1984-03-05,108,-0.8,-4.6,4
1984-03-06,108,-0.3,-4.9,5.3
1984-03-10,108,-1,-3.8,3
1984-11-27,108,-1.1,-4,2.7
1984-11-28,108,-0.7,-5.7,4.2
1984-12-05,108,-1.7,-3.4,1.5
1984-12-06,108,-1.8,-6.2,4.1
1984-12-07,108,-0.1,-4.9,6.6
1984-12-18,108,-3.2,-5.5,0.5
1984-12-19,108,-3.4,-7.6,1.6
1984-12-20,108,-0.6,-2.7,3.3
1984-12-21,108,-3.1,-8.2,-0.1
1984-12-22,108,-8.3,-10.8,-3.5
1984-12-23,108,-9.3,-11.6,-5.6
1984-12-24,108,-9.9,-11.7,-7
1984-12-25,108,-8,-12.6,-3.3
1984-12-26,108,-5.1,-7.9,-0.6
1984-12-27,108,-6.3,-8.4,-2.3
1984-12-28,108,-8.4,-10.4,-5
1984-12-29,108,-9,-12.8,-4.8
1984-12-30,108,-5.7,-10.3,0.3
1984-12-31,108,-2.3,-4.5,1.4
1985-01-01,108,-2.9,-6.9,3
1985-01-02,108,-1.5,-5,3.4
1985-01-03,108,-0.6,-3.6,3.5
1985-01-04,108,-4.9,-7.6,-0.6
1985-01-05,108,-5.6,-9.4,-1
1985-01-06,108,-5,-9.6,-0.5
1985-01-07,108,-7.8,-11,-3
1985-01-08,108,-6.6,-11.3,-1.2
1985-01-09,108,-3.4,-8.3,2
1985-01-10,108,-6.2,-9.2,-2.4
1985-01-11,108,-4.9,-9.4,-0.6
1985-01-12,108,-4.6,-9.6,-0.8
1985-01-13,108,-10.9,-14.1,-7.5
1985-01-14,108,-12.4,-16.7,-7.6
1985-01-15,108,-7.7,-12.1,3
1985-01-16,108,-11.3,-14.3,-7.5
1985-01-17,108,-9.4,-14.3,-2.6
1985-01-18,108,-4.3,-10.2,2.8
1985-01-19,108,-1.2,-2.6,0.7
1985-01-20,108,-4.8,-7.4,-1.2
1985-01-21,108,-5.4,-10.2,-0.5
1985-01-22,108,-0.8,-3.6,2
1985-01-23,108,-5,-7.4,-1.3
1985-01-24,108,-5.6,-8.1,-1
1985-01-25,108,-5.3,-11,0
1985-01-26,108,-1.6,-6.7,2.9
1985-01-27,108,-2.2,-8.8,1.8
1985-01-28,108,-10,-12.4,-7
1985-01-29,108,-12,-14.8,-9.7
1985-01-30,108,-13,-16.3,-8.3
1985-01-31,108,-5,-11.1,1.8
1985-02-04,108,-0.1,-3.3,3.5
1985-02-13,108,-2.7,-6.3,0.8
1985-02-14,108,-3.7,-8.4,1.9
1985-02-17,108,-1.3,-6.8,5.3
1985-02-20,108,-4.3,-8.8,-0.2
1985-02-21,108,-8.1,-10.6,-4.7
1985-02-22,108,-7.8,-10.8,-3.5
1985-02-23,108,-8.2,-10.9,-4.1
1985-02-24,108,-6.7,-11,-1.6
1985-02-25,108,-3.9,-9.2,1
1985-02-26,108,-1.8,-5.4,2.9
1985-03-05,108,-1.1,-3.8,2.8
1985-03-06,108,-2,-5.5,1.9
1985-03-09,108,-1.4,-7.2,1.9
1985-03-10,108,-2.4,-8.2,4.1
1985-11-29,108,-1.8,-4.6,1
1985-11-30,108,-1.7,-3.1,0.2
1985-12-01,108,-1.3,-4.3,2.4
1985-12-02,108,-1.6,-4.4,1.1
1985-12-06,108,-2.7,-4.2,-0.3
1985-12-07,108,-2.3,-4.7,0.7
1985-12-08,108,-6,-9.3,-3.3
1985-12-09,108,-9.3,-12,-6.1
1985-12-10,108,-10.6,-13.6,-7.2
1985-12-11,108,-7.4,-10.3,-3.9
1985-12-12,108,-6,-10.5,-1.9
1985-12-13,108,-2.1,-5.3,2.2
1985-12-14,108,-6.6,-10.1,-2.6
1985-12-15,108,-10.7,-12.9,-7.5
1985-12-16,108,-10.7,-13.4,-6.7
1985-12-17,108,-9.4,-12.9,-5
1985-12-18,108,-6,-10.2,-1.8
1985-12-19,108,-4.3,-7.4,-1.1
1985-12-20,108,-5.2,-8.8,-1.1
1985-12-21,108,-2.5,-8.4,2
1985-12-23,108,-3.7,-7.4,-0.2
1985-12-24,108,-4.3,-9.5,0.4
1985-12-25,108,-0.3,-4.4,4.4
1985-12-26,108,-2.7,-7.2,2
1985-12-31,108,-3.7,-7.2,-1.1
1986-01-01,108,-8.6,-12.2,-6.1
1986-01-02,108,-9.5,-13,-5.6
1986-01-03,108,-3.3,-7.1,0.2
1986-01-04,108,-12.1,-16.5,-3.2
1986-01-05,108,-16.4,-19.2,-13.6
1986-01-06,108,-11.6,-16.9,-5.9
1986-01-07,108,-4.6,-8.1,-1
1986-01-08,108,-8.8,-11.2,-4.4
1986-01-09,108,-10,-12.3,-6.8
1986-01-10,108,-11,-13.7,-7.4
1986-01-11,108,-10.7,-14.5,-6.5
1986-01-12,108,-8.1,-13.1,-3.2
1986-01-13,108,-5.7,-7.4,-3.5
1986-01-14,108,-4.4,-10.5,1
1986-01-15,108,-1.2,-3.3,2.6
1986-01-16,108,-1,-3.6,1.3
1986-01-21,108,-1.8,-7.2,0.4
1986-01-22,108,-6.5,-10.1,-2.9
1986-01-23,108,-3,-7.2,2.8
1986-01-24,108,-4.4,-7.1,-1.9
1986-01-25,108,-6.3,-10.1,-3.8
1986-01-26,108,-9,-11.7,-5.4
1986-01-27,108,-7.4,-11.5,-3.3
1986-01-28,108,-0.8,-4.4,3.9
1986-01-29,108,-0.9,-5.9,5.2
1986-01-31,108,-5.1,-7.4,-1.8
1986-02-01,108,-6.2,-9.5,-2.3
1986-02-02,108,-5.2,-8,0.1
1986-02-03,108,-9.3,-12.5,-5.8
1986-02-04,108,-8.2,-12.7,-3.8
1986-02-05,108,-7.3,-10.5,-4.4
1986-02-06,108,-8.4,-12,-4
1986-02-07,108,-7.5,-11.5,-3.5
1986-02-08,108,-5.9,-10.3,-1.1
1986-02-09,108,-4.6,-8,-0.9
1986-02-10,108,-4.8,-9.1,-0.6
1986-02-11,108,-3.4,-7.8,1.7
1986-02-12,108,-1.1,-7,4.6
1986-02-16,108,-1.2,-6.2,5.2
1986-02-19,108,-0.1,-2.4,3.1
1986-02-20,108,-1.2,-3.1,2.1
1986-02-21,108,-1.2,-4.9,3.4
1986-02-22,108,-0.4,-3.8,4.4
1986-02-23,108,-2.2,-4.7,0.7
1986-02-24,108,-3.2,-7.3,1.2
1986-02-25,108,-1.5,-5.9,4
1986-02-26,108,-3.7,-8.9,-0.8
1986-02-27,108,-7.2,-9.2,-4.7
1986-02-28,108,-3.6,-8.1,1.2
1986-03-01,108,-2.4,-5,1.4
1986-03-02,108,-0.9,-5.4,3.9
1986-11-26,108,-2.6,-5.7,0.3
1986-11-27,108,-1.7,-5.6,2.9
1986-11-29,108,-2.2,-4.6,0.6
1986-12-22,108,-3.2,-6.6,0.4
1986-12-23,108,-0.3,-4.2,3.7
1986-12-25,108,-0.8,-7.5,3.3
1986-12-26,108,-6.4,-9.7,-2.8
1986-12-27,108,-4.8,-6.4,-3
1986-12-28,108,-5.2,-7.8,-2.5
1986-12-29,108,-4,-7.8,-0.8
1987-01-01,108,-4.2,-8.5,-0.2
1987-01-03,108,-2.6,-7.6,0.4
1987-01-04,108,-6.2,-9.6,-1.8
1987-01-05,108,-3.1,-6.5,0.8
1987-01-09,108,-3,-9.6,3.7
1987-01-10,108,-9.1,-11.3,-5.7
1987-01-11,108,-6.1,-10.6,-0.5
1987-01-12,108,-5.7,-11.3,-2.9
1987-01-13,108,-11.5,-14.3,-8.5
1987-01-14,108,-8.5,-15.1,-2.6
1987-01-17,108,-2.9,-5.3,1.7
1987-01-18,108,-4.5,-8.2,-0.8
1987-01-19,108,-4.7,-8.6,-0.7
1987-01-20,108,-3.8,-7.4,0.5
1987-01-21,108,-1.9,-6.7,4
1987-01-24,108,-7.1,-9.2,-4.2
1987-01-25,108,-7.6,-10.6,-3.6
1987-01-26,108,-4.6,-9.4,0.4
1987-01-30,108,-5,-8.4,-2.1
1987-01-31,108,-7.2,-10.4,-3.4
1987-02-01,108,-5.8,-10.6,-0.9
1987-02-02,108,-4.8,-8,-3.2
1987-02-03,108,-5.6,-9.2,-0.2
1987-02-04,108,-5.1,-9.2,-1
1987-02-05,108,-1.4,-7,4.1
1987-02-14,108,-2.3,-6.4,2.5
1987-02-15,108,-4.7,-8.7,0.1
1987-02-16,108,-2.5,-7,1.9
1987-02-21,108,-0.3,-2.8,3.6
1987-02-24,108,-0.8,-6.1,3.6
1987-02-25,108,-5.3,-8.3,-1.3
1987-02-26,108,-5.1,-8,-1
1987-02-27,108,-5.7,-9.1,-2.7
1987-02-28,108,-1.9,-6.4,3.4
1987-03-01,108,-2.4,-6,0.6
1987-03-02,108,-2,-5.7,2.2
1987-03-25,108,-2.6,-7.6,0.9
1987-11-28,108,-0.8,-6.9,4.2
1987-11-29,108,-5.9,-9.2,-2.4
1987-11-30,108,-5,-8.5,-0.9
1987-12-01,108,-6.9,-8.9,-5
1987-12-02,108,-5.8,-10.1,-1.5
1987-12-03,108,-2.8,-5.3,-0.3
1987-12-04,108,-2.8,-7,1
1987-12-05,108,-0.2,-2.4,4.2
1987-12-06,108,-0.4,-4.6,5.1
1987-12-11,108,-4,-6.4,-0.9
1987-12-12,108,-3.2,-7.5,1.8
1987-12-13,108,-2.3,-5.4,1.7
1987-12-14,108,-0.2,-5.7,4.9
1987-12-30,108,-5.6,-8.6,0
1987-12-31,108,-5.8,-10.6,0
1988-01-01,108,-2.4,-4.4,-0.8
1988-01-02,108,-1.6,-4.3,1.6
1988-01-03,108,-2.7,-6.2,1.3
1988-01-04,108,-0.4,-3.2,3.2
1988-01-05,108,-2.9,-6.7,1.9
1988-01-06,108,-2.7,-6.9,2.6
1988-01-07,108,-0.5,-2.4,1
1988-01-09,108,-7.3,-9.8,-2.9
1988-01-10,108,-7.9,-11.4,-3.2
1988-01-11,108,-4.8,-9.4,0.6
1988-01-12,108,-0.9,-5.3,4.1
1988-01-16,108,-2.6,-6,0
1988-01-17,108,-3.2,-7.8,1.7
1988-01-18,108,-2.2,-5.2,1.7
1988-01-19,108,-1.3,-5,2.8
1988-01-23,108,-8.9,-10.5,-4.6
1988-01-24,108,-8.7,-12.1,-4.2
1988-01-25,108,-5.6,-10.2,-1.8
1988-01-26,108,-4.3,-7.7,-0.5
1988-01-27,108,-2.7,-7.8,5.1
1988-01-28,108,-1.5,-7.6,3.8
1988-01-29,108,-2.1,-6.9,4.3
1988-01-30,108,-5,-8.7,-0.7
1988-01-31,108,-4,-7.6,-0.1
1988-02-01,108,-1.3,-5.1,3.4
1988-02-02,108,-6.8,-10.5,1.6
1988-02-03,108,-8.6,-12.9,-3.9
1988-02-04,108,-3.9,-6.8,1.3
1988-02-06,108,-6.8,-9.7,-2.6
1988-02-07,108,-8.4,-11.3,-4.1
1988-02-08,108,-6.3,-10.8,-0.9
1988-02-09,108,-5.3,-8.6,-0.3
1988-02-10,108,-5.9,-9.8,-1.3
1988-02-11,108,-3.7,-7.7,0.5
1988-02-12,108,-1.5,-5,2.2
1988-02-14,108,-1.1,-5.4,2.9
1988-02-15,108,-5.4,-8.5,-1.5
1988-02-16,108,-6.4,-10,-2.8
1988-02-17,108,-5.5,-9.2,-1.2
1988-02-18,108,-4.9,-8.8,-0.7
1988-02-19,108,-1.3,-7.1,4.4
1988-03-02,108,-1,-6,1.6
1988-03-03,108,-3,-6.6,1.2
1988-03-04,108,-2.2,-6.3,1.4
1988-03-06,108,-0.1,-3.4,2.5
1988-03-07,108,-3.4,-6.8,0.1
1988-03-08,108,-1.1,-3.5,1.6
1988-11-24,108,-1.3,-2.5,1
1988-11-25,108,-2.2,-3.7,1
1988-11-26,108,-2.7,-5.6,0.9
1988-11-27,108,-1.5,-4.9,2.9
1988-12-05,108,-2.6,-5.4,1
1988-12-09,108,-1.5,-3.4,1.4
1988-12-10,108,-2,-4.1,1.2
1988-12-14,108,-2.8,-7,2.8
1988-12-15,108,-8.5,-10.7,-5.3
1988-12-16,108,-8.5,-12.2,-3.7
1988-12-17,108,-3.5,-8.5,1.5
1988-12-21,108,-1.1,-4.1,2.5
1988-12-22,108,-1.6,-5.8,3.7
1988-12-23,108,-0.3,-5.6,4.2
1988-12-25,108,-4,-7.1,0
1988-12-26,108,-3.8,-7.9,1.4
1988-12-27,108,-1.7,-4.4,2.2
1988-12-28,108,-3,-6.9,1.2
1988-12-29,108,-0.7,-3,2.7
1988-12-30,108,-0.8,-5,4.7
1988-12-31,108,-0.7,-3.3,2.1
1989-01-01,108,-0.6,-3.4,3.5
1989-01-02,108,-0.5,-4,2.9
1989-01-04,108,-2.9,-7.2,1.5
1989-01-05,108,-1.3,-7.6,6.3
1989-01-13,108,-1.2,-5.3,1.1
1989-01-14,108,-4.1,-7.9,0.2
1989-01-15,108,-2.8,-6.2,0.6
1989-01-27,108,-7.7,-9.5,-4.8
1989-01-28,108,-6.9,-11.2,-1.3
1989-01-29,108,-4.5,-9.2,0.5
1989-01-30,108,-3.1,-7.1,1.1
1989-01-31,108,-0.5,-4.4,2.9
1989-02-01,108,-2.7,-6,1.4
1989-02-02,108,-5.2,-7.8,-1.4
1989-02-03,108,-3.6,-8.2,1.4
1989-02-04,108,-1.1,-6.4,4.8
1989-02-10,108,-1.1,-4.4,3.2
1989-02-11,108,-0.9,-5.4,4.2
1989-03-06,108,-1,-3.3,2.3
1989-03-07,108,-1.6,-3.5,1.6
1989-03-08,108,-0.5,-5,3.8
1989-11-19,108,-0.3,-4.5,4.8
1989-11-28,108,-0.4,-2.9,2.4
1989-11-29,108,-3.5,-6.3,0.1
1989-11-30,108,-2.6,-5.9,1.6
1989-12-08,108,-2.2,-5.4,2
1989-12-14,108,-1,-3.2,1.1
1989-12-23,108,-0.3,-3.1,2.9
1989-12-26,108,-3.4,-5.6,2.5
1989-12-27,108,-5.3,-8.5,-2.2
1989-12-28,108,-3,-6.2,-0.4
1989-12-29,108,-0.6,-5.5,2.1
1989-12-30,108,-4.8,-7,-1.4
1989-12-31,108,-4.3,-8.7,0.1
1990-01-01,108,-1.7,-4,1.8
1990-01-02,108,-3.5,-5.7,-0.9
1990-01-03,108,-5,-7.2,-1.7
1990-01-04,108,-3.3,-8.9,2.1
1990-01-06,108,-3.2,-5.6,0.2
1990-01-07,108,-3.3,-7.8,2.5
1990-01-08,108,-0.2,-4.6,4.2
1990-01-13,108,-4.5,-7.2,-1.7
1990-01-14,108,-3,-6.3,1.3
1990-01-15,108,-3.3,-5,-1.9
1990-01-16,108,-3.4,-7.9,1.4
1990-01-19,108,-5.6,-9.3,-2.4
1990-01-20,108,-7.6,-11.2,-3.6
1990-01-21,108,-4.5,-8.6,-0.8
1990-01-22,108,-9.2,-13.6,-1.3
1990-01-23,108,-11.5,-15.4,-7
1990-01-24,108,-13,-16.4,-10.5
1990-01-25,108,-14,-17.1,-10.6
1990-01-26,108,-11.4,-16.9,-5.4
1990-01-27,108,-6.6,-11.5,-2
1990-01-28,108,-0.8,-4.6,2.3
1990-01-31,108,-1.1,-2.1,0.1
1990-02-01,108,-1.5,-2.6,0.2
1990-02-02,108,-1.7,-3.4,0.3
1990-02-03,108,-2,-4.8,1.2
1990-02-05,108,-0.5,-2.2,1.8
1990-02-06,108,-0.9,-3.4,2.7
1990-02-07,108,-0.8,-3.9,2.7
1990-02-13,108,-0.2,-5.2,4.7
1990-02-26,108,-0.3,-4.5,5.2
1990-11-10,108,-1.5,-4.1,1.3
1990-11-21,108,-0.6,-4.9,2.9
1990-12-02,108,-3.8,-5.6,-1.8
1990-12-03,108,-2.3,-6.8,2.3
1990-12-12,108,-0.3,-4.1,3.6
1990-12-15,108,-2.6,-6,0.9
1990-12-16,108,-0.1,-3.5,3.5
1990-12-17,108,-0.4,-3.3,1.9
1990-12-19,108,-1,-5.1,4.1
1990-12-23,108,-3.5,-6.4,-0.8
1990-12-24,108,-3.7,-8.4,1.4
1990-12-25,108,-1.2,-5.8,2.6
1990-12-26,108,-9.2,-11.8,-5.8
1990-12-27,108,-9,-12.9,-4.8
1990-12-28,108,-5.6,-9.8,-1.2
1990-12-29,108,-4.3,-8,0.4
1990-12-30,108,-2.3,-7.7,3.7
1991-01-02,108,-6.1,-7.9,-3.4
1991-01-03,108,-6.2,-9.7,-0.4
1991-01-04,108,-8.5,-10.8,-5.3
1991-01-05,108,-10.1,-12.8,-7
1991-01-06,108,-8,-12.9,-2.6
1991-01-07,108,-4.3,-7.4,-0.7
1991-01-08,108,-7.3,-11.1,-3.9
1991-01-09,108,-5.5,-10.6,-0.2
1991-01-10,108,-1.4,-4.1,1.7
1991-01-11,108,-3.2,-6.3,0.2
1991-01-12,108,-3.8,-6.8,0.3
1991-01-13,108,-6,-9.2,-2.7
1991-01-14,108,-6,-8.8,-2.3
1991-01-15,108,-3.1,-7.2,2.2
1991-01-17,108,-2.5,-5.3,3.3
1991-01-18,108,-3,-7.4,2.6
1991-01-19,108,-0.4,-5.5,6.4
1991-01-25,108,-1.4,-3.8,0.3
1991-01-26,108,-2.7,-6.8,1.7
1991-01-27,108,-2.7,-6.9,1.4
1991-01-28,108,-1.4,-6.3,4.8
1991-01-30,108,-0.4,-4.2,3.9
1991-01-31,108,-1.1,-4.7,3.6
1991-02-01,108,-2,-4.3,1.1
1991-02-02,108,-2.4,-6.6,2.5
1991-02-03,108,-0.9,-5.2,3.6
1991-02-04,108,-0.3,-4.3,1.1
1991-02-05,108,-2.9,-6.7,1.6
1991-02-08,108,-0.6,-4,4.1
1991-02-19,108,-4.5,-7.6,-1
1991-02-20,108,-4.9,-9.2,-0.8
1991-02-21,108,-7.1,-10.1,-3.5
1991-02-22,108,-9.9,-12.4,-8.4
1991-02-23,108,-11.1,-15,-6.8
1991-02-24,108,-8,-13,-2.8
1991-02-25,108,-3.5,-9.3,2.4
1991-03-01,108,-0.9,-6,5.2
1991-12-09,108,-1,-3.8,1.8
1991-12-10,108,-0.7,-3.7,2
1991-12-11,108,-1.8,-8.4,1.1
1991-12-12,108,-7.9,-11,-4.7
1991-12-13,108,-1.9,-8.2,2.9
1991-12-28,108,-5.7,-9,-2.2
1991-12-29,108,-8.1,-11.1,-3.9
1991-12-30,108,-5.6,-10.6,-0.2
1991-12-31,108,-0.4,-3.7,4.1
1992-01-03,108,-1.9,-5,1.8
1992-01-04,108,-2.4,-6.4,2.3
1992-01-15,108,-1.3,-4.5,2.8
1992-01-16,108,-0.8,-2.4,1.6
1992-01-17,108,-4.4,-7.3,-2.4
1992-01-18,108,-5.7,-8.8,-2
1992-01-19,108,-5,-9.1,-0.6
1992-01-20,108,-3.4,-9,2.4
1992-01-21,108,-0.1,-4.2,5
1992-01-22,108,-0.4,-4.2,1.9
1992-01-23,108,-2.8,-6.2,1.4
1992-01-24,108,-0.8,-5.3,3.3
1992-01-31,108,-1.1,-4.1,2.1
1992-02-01,108,-0.9,-3.9,3.3
1992-02-02,108,-0.6,-3.1,1.3
1992-02-04,108,-1.7,-5,1.8
1992-02-05,108,-1.9,-7.1,3.8
1992-02-06,108,-2.1,-5,3.1
1992-02-07,108,-3.4,-7,1.2
1992-02-08,108,-3.7,-7.8,0.6
1992-02-09,108,-1.8,-7.1,3.8
1992-02-11,108,-1.9,-6.3,4.1
1992-02-12,108,-0.2,-3.2,2.9
1992-02-13,108,-1,-4.4,2.5
1992-02-16,108,-3.1,-6.2,0.4
1992-02-17,108,-2.3,-7,2.6
1992-02-19,108,-3.5,-6.5,0.2
1992-02-20,108,-1.7,-6.9,2.8
1992-02-21,108,-0.9,-4.6,2.5
1992-11-26,108,-5.7,-8.5,-2.4
1992-11-27,108,-3.7,-9,2
1992-12-11,108,-3,-6.4,0.2
1992-12-12,108,-0.4,-3.5,2.5
1992-12-14,108,-5,-8.2,-1.3
1992-12-15,108,-3.7,-8,0.3
1992-12-17,108,-0.2,-4.1,3.7
1992-12-18,108,-0.5,-4.2,4
1992-12-22,108,-1.2,-5.2,2.2
1992-12-23,108,-6.7,-9.7,-3.7
1992-12-24,108,-5.6,-8.2,-2
1992-12-25,108,-4.5,-9,0.8
1992-12-26,108,-0.4,-5.5,4.3
1992-12-31,108,-0.8,-3.7,2.6
1993-01-01,108,-0.3,-5,4.8
1993-01-04,108,-3.8,-7.9,0.9
1993-01-05,108,-2.3,-7.1,3
1993-01-06,108,-0.2,-3.2,3.3
1993-01-11,108,-2.9,-5.6,0.6
1993-01-12,108,-2.5,-7.1,2.8
1993-01-13,108,-0.7,-3.3,2.3
1993-01-14,108,-0.1,-1.9,1.6
1993-01-15,108,-2.9,-7.4,-0.2
1993-01-16,108,-5.2,-8.6,-1.5
1993-01-17,108,-4.1,-6.6,-1
1993-01-18,108,-7.5,-10,-4.6
1993-01-19,108,-7.9,-11.1,-4.2
1993-01-20,108,-7.6,-10.8,-3.4
1993-01-21,108,-5.9,-10.1,-1.3
1993-01-22,108,-3.3,-8.6,2.4
1993-01-23,108,-0.5,-3.5,3.7
1993-01-27,108,-5.3,-7.4,-3.2
1993-01-28,108,-6.5,-10.6,-2.2
1993-01-29,108,-4.3,-9,0.4
1993-01-30,108,-1,-6,3.9
1993-02-01,108,-1.9,-4.7,2.6
1993-02-02,108,-1.2,-6.3,5.4
1993-02-07,108,-1.4,-5.5,4.8
1993-02-08,108,-4.5,-8.3,-0.7
1993-02-09,108,-1.8,-5.6,2.2
1993-02-22,108,-1.6,-5.6,4.1
1993-02-23,108,-5.6,-7.9,-2.5
1993-02-24,108,-5,-8.6,-1.2
1993-02-25,108,-2.3,-6.8,3
1993-02-26,108,-0.6,-4.5,4.5
1993-02-28,108,-0.3,-3.5,1.9
1993-03-01,108,-3.4,-5.3,-1
1993-03-02,108,-0.7,-6.2,4.5
1993-11-21,108,-0.8,-5.4,2.6
1993-11-22,108,-2.3,-6.7,1.9
1993-11-23,108,-3.6,-7,-0.9
1993-11-24,108,-3.3,-9,1.9
1993-12-03,108,-1.1,-4.4,1.6
1993-12-04,108,-3.4,-6.5,0.5
1993-12-05,108,-1.4,-5.6,3
1993-12-14,108,-5.5,-8.9,-2.4
1993-12-15,108,-7.3,-11.2,-2.8
1993-12-16,108,-3.9,-8.4,1.2
1993-12-17,108,-7.2,-9.4,-4.4
1993-12-18,108,-1.8,-6.7,4.4
1993-12-21,108,-6.7,-9.7,-1
1993-12-22,108,-6.1,-9.7,-2.2
1993-12-23,108,-3.3,-7.4,1.2
1993-12-31,108,-1.5,-4.2,1.3
1994-01-01,108,-2.2,-6.8,2.5
1994-01-04,108,-1.2,-4.6,2.2
1994-01-07,108,-2.4,-6.8,2
1994-01-14,108,-2.4,-6,2.4
1994-01-18,108,-7.9,-11.4,-4
1994-01-19,108,-8.5,-12.3,-3.5
1994-01-20,108,-7,-10.4,-3.2
1994-01-21,108,-5.6,-9.8,-1.6
1994-01-22,108,-4,-6.6,-0.1
1994-01-23,108,-7,-9.5,-4.2
1994-01-24,108,-5.8,-11.4,-1.3
1994-01-27,108,-4.5,-8.7,0.8
1994-01-28,108,-1.9,-5.1,2.8
1994-01-29,108,-2.7,-5.4,1.3
1994-01-30,108,-2.9,-7.5,1.6
1994-02-02,108,-3.7,-7.6,0.4
1994-02-03,108,-1.2,-4.7,3.2
1994-02-04,108,-1.3,-3.9,2.7
1994-02-09,108,-5.7,-8.9,2.7
1994-02-10,108,-7.1,-10.8,-2.4
1994-02-11,108,-2.7,-6.6,1.5
1994-02-12,108,-0.1,-3.3,4.1
1994-02-13,108,-1.9,-6.2,3.4
1994-02-14,108,-0.3,-5.5,6
1994-02-22,108,-1.1,-3.6,1.8
1994-02-23,108,-0.9,-4.2,3.5
1994-03-01,108,-1.4,-5.5,4.4
1994-03-09,108,-0.5,-3.5,2.8
1994-03-10,108,-1.4,-5.4,3.2
1994-12-03,108,-4.5,-7.6,-0.6
1994-12-04,108,-2.9,-6.7,1
1994-12-05,108,-0.2,-3,2.6
1994-12-13,108,-1.5,-3.3,0.7
1994-12-14,108,-2.1,-5.5,-0.4
1994-12-15,108,-7.2,-10.3,-3.5
1994-12-16,108,-8.7,-12.6,-4.2
1994-12-17,108,-5.6,-8.7,-1.9
1994-12-18,108,-5,-7.8,-0.7
1994-12-19,108,-4.7,-9.3,-0.2
1994-12-20,108,-1.6,-5.3,1.6
1994-12-29,108,-0.4,-4.3,4
1994-12-31,108,-1,-4,1.3
1995-01-01,108,-2.8,-5.9,1.1
1995-01-02,108,-1.1,-5.9,3.6
1995-01-05,108,-2.2,-4.7,1.3
1995-01-06,108,-3.1,-6.4,0.3
1995-01-10,108,-5.4,-7.4,-1.8
1995-01-11,108,-5,-8.3,-1.3
1995-01-12,108,-3.2,-7.7,1.6
1995-01-13,108,-5.1,-7.4,-1.5
1995-01-14,108,-5.9,-9.4,-1.7
1995-01-15,108,-3.3,-8.1,1.9
1995-01-16,108,-0.4,-3.2,3.4
1995-01-17,108,-1.2,-4.5,3
1995-01-18,108,-1.3,-5.7,3
1995-01-19,108,-4.4,-8.1,-0.5
1995-01-20,108,-1.1,-4.9,3.6
1995-01-24,108,-2.5,-5.1,0.6
1995-01-25,108,-0.9,-5.3,3
1995-01-26,108,-4.6,-7.9,0.5
1995-01-27,108,-5,-9.5,1
1995-01-28,108,-5.9,-9.3,-2.2
1995-01-29,108,-6.2,-9,-3.2
1995-01-30,108,-7,-11.1,-2.3
1995-01-31,108,-4.4,-8.3,0.5
1995-02-01,108,-3.8,-7.9,1.4
1995-02-02,108,-2.3,-7.3,3.9
1995-02-03,108,-1.5,-5.2,3
1995-02-04,108,-2.1,-5.1,1.6
1995-02-05,108,-3,-7.7,1.7
1995-02-06,108,-1.5,-6.6,3.4
1995-02-14,108,-0.2,-3.8,4.2
1995-02-16,108,-1,-4.9,3.4
1995-12-04,108,-0.6,-3.2,3.1
1995-12-05,108,-3.7,-5.6,-1.2
1995-12-06,108,-2.9,-6.3,1.5
1995-12-07,108,-2,-5.6,1.9
1995-12-08,108,-2.5,-5.4,1.2
1995-12-09,108,-1.4,-5.4,4.1
1995-12-16,108,-1.1,-4.5,3.1
1995-12-17,108,-1.5,-4.4,1.9
1995-12-18,108,-1.4,-5.4,3.2
1995-12-21,108,-0.8,-3.5,3.2
1995-12-24,108,-4.7,-7.9,1.9
1995-12-25,108,-7.6,-10.1,-3.8
1995-12-26,108,-5.5,-9.9,-1.2
1995-12-27,108,-3,-8,2.3
1995-12-28,108,-0.1,-3.9,2.8
1995-12-29,108,-5.9,-8.7,-2.7
1995-12-30,108,-7,-10.3,-2.5
1995-12-31,108,-3.1,-7.3,1.8
1996-01-01,108,-3.2,-7.9,2.5
1996-01-03,108,-4.5,-8.5,5.5
1996-01-04,108,-5.4,-10.7,-0.1
1996-01-05,108,-0.1,-2.1,2
1996-01-08,108,-5.7,-9.4,1.8
1996-01-09,108,-6.5,-10.4,-1.6
1996-01-10,108,-4.3,-7.8,-0.2
1996-01-11,108,-3.1,-7.7,2.9
1996-01-16,108,-3.8,-7.4,0.6
1996-01-17,108,-4.9,-8.1,-1.3
1996-01-18,108,-3.9,-6.9,0.1
1996-01-19,108,-2.5,-6.3,1.7
1996-01-20,108,-0.8,-3.4,3.2
1996-01-21,108,-1,-4.1,2.9
1996-01-22,108,-0.8,-4.5,3.2
1996-01-23,108,-2.6,-5.6,0.2
1996-01-24,108,-4.3,-7.2,-0.4
1996-01-25,108,-6.1,-8.2,-2.6
1996-01-26,108,-5.6,-9.9,-0.3
1996-01-27,108,-1.9,-6,2.5
1996-01-29,108,-1.1,-4.9,3.2
1996-01-30,108,-6.2,-9.1,-3
1996-01-31,108,-7.8,-10.4,-2.3
1996-02-01,108,-8.7,-10.5,-4.7
1996-02-02,108,-9.5,-13.8,-4.7
1996-02-03,108,-5,-10.6,0.9
1996-02-04,108,-0.7,-3.8,2.7
1996-02-05,108,-6,-8.3,-0.1
1996-02-06,108,-6.6,-10.8,-2.1
1996-02-07,108,-4.4,-8.7,0
1996-02-08,108,-3.3,-6.8,1.3
1996-02-09,108,-5.9,-8.2,-2.5
1996-02-10,108,-4.6,-9,0.2
1996-02-11,108,-0.2,-5.3,4.4
1996-02-16,108,-2.3,-6.6,2.8
1996-02-17,108,-2,-6.2,3.2
1996-02-18,108,-2.1,-5.1,3.1
1996-02-19,108,-3.4,-7.1,1.5
1996-02-20,108,-4.1,-7.5,0.3
1996-02-21,108,-3.8,-7.3,1.1
1996-02-22,108,-2.1,-6.6,3.2
1996-02-27,108,-1.4,-4.9,3.4
1996-02-28,108,-0.2,-5.5,5.2
1996-11-28,108,-0.8,-5.8,4.5
1996-11-29,108,-0.1,-3.6,2.4
1996-11-30,108,-4.1,-8,0.8
1996-12-01,108,-7.7,-10.5,-4.2
1996-12-02,108,-4.1,-9,1.5
1996-12-03,108,-0.4,-5.3,5.4
1996-12-05,108,-1.2,-7,3.7
1996-12-06,108,-5.5,-9,-2.1
1996-12-07,108,-3.6,-6.9,-0.5
1996-12-18,108,-5.1,-7.5,-2.5
1996-12-19,108,-2.8,-5.5,1
1996-12-20,108,-0.9,-6.1,4.4
1996-12-23,108,-2.6,-6.3,2.2
1997-01-01,108,-1.2,-9.9,8
1997-01-02,108,-8.4,-11,-5.1
1997-01-03,108,-6.8,-9.9,-2.9
1997-01-04,108,-4.6,-10,1
1997-01-05,108,-2.2,-6.4,1.6
1997-01-06,108,-7,-8.2,-5
1997-01-07,108,-5.9,-8.7,-3.3
1997-01-08,108,-3.8,-7.6,0.7
1997-01-09,108,-2.1,-6.6,1.6
1997-01-10,108,-1.3,-5.1,3.3
1997-01-11,108,-0.9,-5,4.2
1997-01-14,108,-4.8,-7.3,3
1997-01-15,108,-4.8,-9.4,-0.7
1997-01-16,108,-1.3,-4.8,2.8
1997-01-18,108,-3.5,-5.8,-0.2
1997-01-19,108,-3.1,-8.9,2.2
1997-01-21,108,-9.7,-12.3,-3.9
1997-01-22,108,-8.4,-13.7,-3.2
1997-01-23,108,-4.9,-8,-1.3
1997-01-24,108,-6.3,-9.4,-1.3
1997-01-25,108,-3,-8.5,1.9
1997-01-28,108,-2.3,-5.7,2.2
1997-01-29,108,-3.9,-6.7,-0.2
1997-01-30,108,-3.6,-8,0.6
1997-01-31,108,-3.1,-4.9,-0.9
1997-02-01,108,-2.8,-6.5,2.8
1997-02-02,108,-3.1,-5.7,1.6
1997-02-03,108,-3.5,-8.1,1.7
1997-02-04,108,-1.5,-6.8,4.2
1997-02-06,108,-1.5,-3.6,0.9
1997-02-07,108,-1.3,-5,3.7
1997-02-11,108,-3,-6.3,1.8
1997-02-12,108,-2.9,-6.1,1.2
1997-02-13,108,-1.3,-6.2,4
1997-02-16,108,-4,-7.1,2
1997-02-17,108,-2.9,-6.9,1.7
1997-02-18,108,-2.2,-5,2.1
1997-02-21,108,-0.1,-3,3.4
1997-02-22,108,-0.1,-6.3,6.3
1997-11-18,108,-0.1,-3.2,3.6
1997-12-01,108,-1.1,-6.2,3.1
1997-12-02,108,-6.6,-9,-2.9
1997-12-03,108,-7,-11,-3.5
1997-12-04,108,-0.9,-6.8,5.2
1997-12-09,108,-4.5,-7.9,-1.6
1997-12-10,108,-7.4,-11.3,-3.8
1997-12-11,108,-4.6,-7.4,-2.4
1997-12-12,108,-3.5,-8.2,0.5
1997-12-13,108,-1.2,-5.4,3.1
1997-12-29,108,-0.6,-4.2,2.8
1998-01-04,108,-5.5,-8.3,4.5
1998-01-05,108,-1.3,-6.2,4
1998-01-06,108,-1.4,-4.5,1.5
1998-01-18,108,-7.1,-11.5,1
1998-01-19,108,-9.9,-13.8,-6.2
1998-01-20,108,-4.3,-8.1,0.4
1998-01-21,108,-5.4,-8.3,-2.1
1998-01-22,108,-2,-6.3,3.1
1998-01-23,108,-7.3,-11.7,-3.5
1998-01-24,108,-11.9,-15.4,-7.9
1998-01-25,108,-6.7,-12.7,-1.6
1998-01-26,108,-2.9,-5.5,0.3
1998-01-27,108,-3.6,-7.2,1.1
1998-01-28,108,-4.8,-7.6,-0.3
1998-01-29,108,-2.7,-8.6,2.9
1998-01-31,108,-1.5,-4.4,2.3
1998-02-01,108,-1.7,-5.5,3.4
1998-02-02,108,-0.3,-5.2,5.4
1998-02-04,108,-0.8,-4.1,4.3
1998-02-05,108,-0.3,-5.7,5.1
1998-02-08,108,-3.6,-5.9,-0.4
1998-02-09,108,-4.7,-7.6,-2
1998-02-10,108,-2.7,-7.7,2.1
1998-03-20,108,-0.6,-3.2,2.5
1998-11-18,108,-3,-5.3,0.7
1998-11-19,108,-1.5,-6.8,4
1998-11-20,108,-1.3,-4.8,2.1
1998-12-03,108,-0.3,-2.7,3.5
1998-12-08,108,-2.4,-4.8,0.6
1998-12-09,108,-3.1,-5.3,0
1998-12-10,108,-1.4,-8.1,3.9
1998-12-11,108,-1.4,-3.6,3.1
1998-12-12,108,-0.4,-6.2,4.8
1998-12-30,108,-3.8,-6.6,-1
1998-12-31,108,-2.7,-6,1.3
1999-01-01,108,-1.5,-6.9,3.5
1999-01-07,108,-6,-8.6,-0.5
1999-01-08,108,-9.1,-11,-5.6
1999-01-09,108,-9.3,-12.2,-5.4
1999-01-10,108,-6.7,-10.8,-2.3
1999-01-11,108,-6.3,-9.1,-2.1
1999-01-12,108,-5.6,-8.9,-1.5
1999-01-13,108,-3.6,-7.2,0.7
1999-01-14,108,-3.3,-5.7,-0.2
1999-01-15,108,-2.4,-6,1.5
1999-01-16,108,-1.7,-5.2,3.2
1999-01-17,108,-1,-5.3,3.8
1999-01-20,108,-2.6,-5.5,1.5
1999-01-21,108,-0.6,-7.1,4.6
1999-01-28,108,-2.3,-5.8,0.8
1999-01-29,108,-5.4,-8.9,-1.1
1999-01-30,108,-5.6,-10.5,-0.5
1999-01-31,108,-1.1,-6.3,3.3
1999-02-02,108,-3.7,-8.4,-0.2
1999-02-03,108,-8.1,-12.3,-3.2
1999-02-04,108,-4.6,-9.6,0.4
1999-02-05,108,-1.3,-5.8,3.7
1999-02-06,108,-0.2,-4.8,4.9
1999-02-12,108,-4.8,-7.1,-2.1
1999-02-13,108,-4.2,-8.3,0.7
1999-02-14,108,-1.9,-4.2,0.4
1999-02-19,108,-1.6,-4.6,2.2
1999-02-20,108,-2.5,-5,1.1
1999-02-21,108,-1.5,-6.2,3.9
1999-02-27,108,-1.8,-4.3,4.1
1999-03-22,108,-0.8,-6.2,4.1
1999-11-26,108,-3.6,-6.1,-0.3
1999-11-27,108,-0.6,-4.3,2.9
1999-11-28,108,-1.5,-3.6,1.4
1999-12-17,108,-3.8,-6.4,-0.8
1999-12-18,108,-5.8,-8.2,-1.9
1999-12-19,108,-7.1,-9.6,-3.8
1999-12-20,108,-8.5,-11.3,-5.2
1999-12-21,108,-7.2,-11.5,-2.9
1999-12-22,108,-4.8,-8.7,-0.5
1999-12-23,108,-2.1,-7.4,2
1999-12-25,108,-3,-4.9,-0.1
1999-12-26,108,-3.3,-8.1,1.8
2000-01-03,108,-2.2,-4.6,0.1
2000-01-07,108,-8.2,-12.1,-4.2
2000-01-08,108,-3.8,-7.2,-0.1
2000-01-09,108,-1.9,-6,1
2000-01-10,108,-0.8,-4.8,2.3
2000-01-11,108,-0.2,-7.1,4.9
2000-01-14,108,-1.4,-2.6,1.1
2000-01-15,108,-1.1,-4.9,3.3
2000-01-17,108,-0.9,-4.4,3.8
2000-01-18,108,-1.8,-5.1,2.3
2000-01-19,108,-4.7,-7.5,-1.2
2000-01-20,108,-8.5,-11.4,-5.4
2000-01-21,108,-7,-11.6,-2.6
2000-01-22,108,-2.5,-6.7,1.6
2000-01-24,108,-2.9,-6.5,0.2
2000-01-25,108,-7.5,-10.6,-2.9
2000-01-26,108,-8.3,-11.2,-4.5
2000-01-27,108,-5.9,-11.2,-0.8
2000-01-28,108,-3.4,-8.7,2.5
2000-01-29,108,-0.3,-4.1,2.7
2000-01-30,108,-4.3,-8.1,1
2000-01-31,108,-7.8,-10.7,-4.7
2000-02-01,108,-6.6,-11.6,-2
2000-02-02,108,-3.8,-8.8,0.8
2000-02-03,108,-1.8,-4.3,2
2000-02-04,108,-2,-7.1,3.7
2000-02-05,108,-0.5,-5.9,4.1
2000-02-06,108,-0.1,-1.3,2.3
2000-02-07,108,-1.6,-5.3,1.7
2000-02-08,108,-6.9,-9.4,-4.4
2000-02-09,108,-5.2,-9.5,-0.8
2000-02-10,108,-2.2,-8.8,3.1
2000-02-14,108,-0.3,-4.3,3.5
2000-02-15,108,-5.4,-7.8,-2
2000-02-16,108,-4.6,-8.1,-0.2
2000-02-17,108,-3.9,-8.4,0.4
2000-02-18,108,-2.1,-7.5,3.1
2000-02-20,108,-0.7,-4.3,4.2
2000-02-21,108,-1.7,-5.6,3.1
2000-02-22,108,-0.6,-5.6,4.6
2000-02-24,108,-3.2,-6.5,1
2000-02-25,108,-2,-6.9,2
2000-02-28,108,-2.8,-6.1,1.1
2000-02-29,108,-1.2,-6.7,4.4
2000-03-07,108,-1.7,-4.5,2.2
2000-03-08,108,-0.8,-4.8,3.9
2000-12-11,108,-6.6,-9.1,-3.7
2000-12-12,108,-4.6,-9.2,-0.5
2000-12-13,108,-0.2,-4.4,4.4
2000-12-16,108,-0.6,-2.8,5.9
2000-12-17,108,-0.5,-4.8,4.1
2000-12-24,108,-0.2,-2.3,1.9
2000-12-25,108,-6.4,-9.7,-1.3
2000-12-26,108,-8.7,-11.4,-6.4
2000-12-27,108,-3.9,-9.1,0
2000-12-28,108,-2.3,-4.6,0.7
2000-12-29,108,-2.2,-6.5,1.9
2000-12-31,108,-5.8,-8.2,2.3
2001-01-01,108,-4.5,-9.5,-0.8
2001-01-02,108,-4.3,-9.1,-0.2
2001-01-03,108,-8.3,-10.4,-5.2
2001-01-04,108,-9.8,-12.5,-6.7
2001-01-05,108,-6.8,-11,-2.2
2001-01-06,108,-2.9,-8.8,0.9
2001-01-09,108,-0.4,-6,3
2001-01-10,108,-5,-9.1,-1.5
2001-01-11,108,-8,-14.4,-2.2
2001-01-12,108,-10.7,-15,-7.6
2001-01-13,108,-10.2,-15,-6.7
2001-01-14,108,-15.3,-17.7,-11.3
2001-01-15,108,-15.5,-18.6,-12.4
2001-01-16,108,-13.4,-16.8,-10
2001-01-17,108,-8.4,-15.1,-4
2001-01-18,108,-0.9,-4.4,2.5
2001-01-21,108,-1.5,-3.9,1
2001-01-22,108,-1.4,-3.9,2.5
2001-01-23,108,-2.8,-6.7,1.7
2001-01-28,108,-3,-6.9,0.5
2001-01-29,108,-2.6,-8,1.8
2001-01-30,108,-0.5,-2.7,2.6
2001-01-31,108,-0.3,-2.8,1.9
2001-02-01,108,-5.8,-9.1,0.6
2001-02-02,108,-4.9,-10.4,-0.9
2001-02-07,108,-2.6,-8.1,1.7
2001-02-08,108,-4.9,-9,-0.8
2001-02-09,108,-0.9,-4.7,4
2001-02-10,108,-1.4,-3.8,1.7
2001-02-11,108,-3.5,-6.5,0.1
2001-02-12,108,-4.2,-6.6,0
2001-02-13,108,-3.9,-6.4,-0.1
2001-02-14,108,-3.6,-6.7,-0.1
2001-02-15,108,-3.4,-5.2,0.1
2001-02-16,108,-6.1,-8.6,-3.6
2001-02-17,108,-2.3,-7,0.7
2001-02-25,108,-0.5,-4.7,3.8
2001-03-04,108,-1.4,-3.5,0.2
2001-03-07,108,-1.6,-4,1.7
2001-03-08,108,-3.6,-6.1,-0.9
2001-03-09,108,-0.1,-5.3,3.6
2001-12-07,108,-0.7,-5,3.8
2001-12-13,108,-2.6,-5.6,4.2
2001-12-14,108,-5.1,-6.9,-2.3
2001-12-15,108,-5.5,-7.9,-2.6
2001-12-16,108,-3.3,-8.6,1
2001-12-17,108,-2.6,-6.8,1.3
2001-12-18,108,-4.9,-8.8,-1
2001-12-19,108,-3.6,-7.5,0.9
2001-12-20,108,-1.6,-5.4,2.6
2001-12-21,108,-1.6,-3.9,1.1
2001-12-22,108,-2.9,-6.2,0.8
2001-12-23,108,-2.1,-7.1,2.6
2001-12-24,108,-0.2,-3.3,3.3
2001-12-26,108,-0.4,-2.4,3.1
2001-12-27,108,-1.4,-4.7,2.7
2001-12-28,108,-1.5,-5.1,3
2001-12-29,108,-1.5,-3.8,3.3
2001-12-30,108,-4.6,-7.3,-0.6
2001-12-31,108,-2.1,-6.8,1.3
2002-01-01,108,-4.8,-7.5,1.3
2002-01-02,108,-9.9,-11.4,-7.3
2002-01-03,108,-6.5,-12,-2
2002-01-05,108,-0.7,-3,1.9
2002-01-07,108,-2.5,-6.9,3.7
2002-01-08,108,-6.6,-8,-3.9
2002-01-09,108,-3.5,-8.3,1
2002-01-21,108,-0.1,-3,1.9
2002-01-22,108,-4.6,-6,-2.2
2002-01-23,108,-4.2,-6.7,-0.6
2002-01-24,108,-2.8,-6,1
2002-01-25,108,-1.9,-7.2,3.3
2002-01-27,108,-0.2,-3.1,2.2
2002-01-28,108,-3,-4.9,0.1
2002-01-29,108,-1.7,-6.2,2.9
2002-01-30,108,-0.5,-3.1,2.3
2002-01-31,108,-1.8,-4.8,2
2002-02-09,108,-1.9,-5.1,1.3
2002-02-10,108,-0.6,-3.2,2.8
2002-02-11,108,-1.7,-5,2.7
2002-02-12,108,-1.1,-4.7,2.9
2002-02-18,108,-1.7,-4.8,2.5
2002-02-19,108,-0.5,-5,4.1
2002-11-18,108,-1.1,-3.6,1.3
2002-11-27,108,-0.5,-4.1,3.3
2002-12-09,108,-5.4,-7.5,-2.7
2002-12-10,108,-6.4,-9.1,-4
2002-12-11,108,-5.5,-8.1,-2.9
2002-12-12,108,-3.8,-5.8,-1.3
2002-12-13,108,-3,-7.2,1.3
2002-12-25,108,-2.6,-5.8,1.2
2002-12-26,108,-6.3,-8.8,-2.7
2002-12-27,108,-4.5,-8,-0.1
2002-12-28,108,-0.9,-5.5,3.2
2002-12-29,108,-2.4,-5.8,1.7
2002-12-30,108,-2,-6.3,1.6
2002-12-31,108,-1.4,-3.7,1.9
2003-01-01,108,-4.7,-7.1,-1
2003-01-02,108,-4.3,-9.2,0
2003-01-03,108,-3.6,-6.8,-0.3
2003-01-04,108,-10.2,-13.4,-6.8
2003-01-05,108,-12.8,-15.5,-9.1
2003-01-06,108,-9.2,-14.3,-4.3
2003-01-07,108,-5.6,-10.5,-0.5
2003-01-08,108,-3.3,-8.6,1.2
2003-01-14,108,-2.2,-5.9,2.7
2003-01-15,108,-3.9,-7.7,0.6
2003-01-16,108,-0.1,-4.8,3.2
2003-01-20,108,-0.7,-3.2,3
2003-01-21,108,-2.1,-5.6,1.8
2003-01-22,108,-2.1,-2.9,-0.8
2003-01-23,108,-1.3,-4.3,3.1
2003-01-24,108,-1.6,-4.7,2.5
2003-01-27,108,-1.7,-6.1,2.8
2003-01-28,108,-8.1,-11.9,-4.1
2003-01-29,108,-11.7,-13.9,-8.5
2003-01-30,108,-7.2,-13.2,-1.9
2003-01-31,108,-2.5,-5.1,0.8
2003-02-01,108,-1.3,-6.7,4.5
2003-02-02,108,-0.6,-4.6,4.1
2003-02-03,108,-0.6,-4.4,4.2
2003-02-05,108,-0.3,-2.8,3.9
2003-02-11,108,-0.6,-6,4.1
2003-02-12,108,-4.1,-8.3,-0.4
2003-03-04,108,-1,-5,2.9
2003-11-22,108,-0.1,-3.2,3.4
2003-12-07,108,-4.8,-7.9,-1.8
2003-12-08,108,-0.8,-4,3.2
2003-12-09,108,-2.7,-4.9,-0.3
2003-12-10,108,-0.4,-5.4,4
2003-12-15,108,-0.2,-2.5,2.7
2003-12-17,108,-0.7,-4.4,3.7
2003-12-18,108,-3.4,-5.1,-1.2
2003-12-19,108,-5.4,-7,-2.2
2003-12-20,108,-4.8,-8.1,-0.8
2003-12-21,108,-1.2,-7.1,3
2003-12-26,108,-3.8,-5.5,-0.8
2003-12-27,108,-3,-6.5,1.1
2004-01-10,108,-0.3,-3.5,3.2
2004-01-11,108,-0.6,-5.6,4.5
2004-01-12,108,-0.7,-4.5,1.8
2004-01-13,108,-6.7,-8.8,-3.9
2004-01-14,108,-5.1,-9.6,-1.3
2004-01-15,108,-1.3,-5,3.2
2004-01-19,108,-1,-3.2,1.7
2004-01-20,108,-4.4,-9.5,0
2004-01-21,108,-14.3,-16,-9.5
2004-01-22,108,-13,-16.7,-9.1
2004-01-23,108,-8.7,-13.1,-4.9
2004-01-24,108,-7.3,-10.1,-3.7
2004-01-25,108,-7,-9.3,-3.7
2004-01-26,108,-5.9,-10.1,-2.2
2004-01-27,108,-4.1,-8.1,0.3
2004-01-28,108,-0.4,-5.3,4.9
2004-02-02,108,-1.7,-5.9,2.5
2004-02-03,108,-4.2,-7.1,-0.5
2004-02-04,108,-1.4,-5.8,2.5
2004-02-05,108,-4.9,-7.3,-0.8
2004-02-06,108,-4,-7.8,-0.6
2004-02-07,108,-3.6,-7.6,-0.4
2004-02-08,108,-0.2,-3.7,5.5
2004-02-09,108,-2.2,-6.5,3
2004-02-10,108,-0.3,-5.5,4.5
2004-03-02,108,-2,-4.5,1.5
2004-03-03,108,-1.7,-4.3,2.2
2004-03-04,108,-1.5,-5.5,2.5
2004-03-05,108,-0.1,-1.7,3.5
2004-03-06,108,-3.4,-5,-0.8
2004-03-07,108,-1.4,-5.6,2.2
2004-12-20,108,-3.6,-5.8,4.3
2004-12-21,108,-3.2,-7.3,1.2
2004-12-22,108,-3.4,-6,-0.2
2004-12-23,108,-3.7,-8.1,1
2004-12-24,108,-0.8,-4,3.4
2004-12-25,108,-1.8,-4.3,1.2
2004-12-26,108,-3.2,-6.1,0.4
2004-12-27,108,-4,-7.1,-0.4
2004-12-28,108,-4.9,-7.3,-2.5
2004-12-29,108,-5.7,-8.3,-2.2
2004-12-30,108,-4.6,-8.3,-0.8
2004-12-31,108,-4.7,-7,-1.2
2005-01-01,108,-4.9,-8.8,-1
2005-01-04,108,-4.9,-7.4,-1.2
2005-01-05,108,-3.8,-8.8,0.6
2005-01-07,108,-2.9,-6,2.2
2005-01-08,108,-5,-8,0.8
2005-01-09,108,-8,-10.3,-4
2005-01-10,108,-5.7,-10.8,-1.5
2005-01-11,108,-6.3,-8.5,-2.7
2005-01-12,108,-6.1,-9.5,-2
2005-01-13,108,-4.8,-8.3,-1.2
2005-01-14,108,-3.1,-7.3,0.6
2005-01-15,108,-2.6,-6.5,1.6
2005-01-16,108,-0.8,-4.6,5.1
2005-01-19,108,-3.8,-6,-0.2
2005-01-20,108,-5.9,-7.8,-2.7
2005-01-21,108,-5.4,-9.5,-0.6
2005-01-22,108,-2.2,-7.3,2.5
2005-01-29,108,-0.8,-6.1,2.7
2005-01-30,108,-7,-9.3,-3.7
2005-01-31,108,-7.3,-11,-2.5
2005-02-01,108,-10.2,-13.1,-6.8
2005-02-02,108,-6.9,-10.6,-2.5
2005-02-03,108,-4.6,-8.6,0
2005-02-04,108,-1.5,-5,2.4
2005-02-05,108,-1.6,-4.9,2
2005-02-06,108,-0.1,-5,5.5
2005-02-09,108,-1.4,-4.5,0.8
2005-02-10,108,-6,-8.8,-2
2005-02-11,108,-6,-9.3,-1.6
2005-02-12,108,-4.1,-7.5,0.1
2005-02-13,108,-1.6,-6.6,3.5
2005-02-19,108,-2.4,-7.9,3.2
2005-02-20,108,-7.1,-9.5,-3.4
2005-02-21,108,-5.8,-10.3,-1.7
2005-02-22,108,-1,-4.6,4.5
2005-02-23,108,-2.9,-5.4,-0.1
2005-02-24,108,-2.9,-6,3.2
2005-02-25,108,-4.8,-7.3,-1.5
2005-02-26,108,-5,-8.6,-1
2005-02-27,108,-2.1,-7.4,2.7
2005-03-01,108,-0.3,-4.5,4.5
2005-03-03,108,-1.3,-4.4,2
2005-03-04,108,-0.4,-4.5,4
2005-03-05,108,-0.9,-4.1,3
2005-03-12,108,-3.9,-6.5,-0.8
2005-03-13,108,-1.2,-5.1,3
2005-12-03,108,-0.7,-3.2,2.7
2005-12-04,108,-5.1,-7.5,-1.7
2005-12-05,108,-5.2,-8.8,-1.8
2005-12-06,108,-2.5,-5.5,0.1
2005-12-07,108,-1.8,-4.9,2
2005-12-08,108,-2.3,-4.6,0.8
2005-12-09,108,-1.4,-4.9,1.7
2005-12-10,108,-2.9,-7.5,0.4
2005-12-11,108,-6.3,-9.1,-2.7
2005-12-12,108,-8,-10.1,-5.5
2005-12-13,108,-8.6,-11.6,-5
2005-12-14,108,-5.8,-11.5,-2
2005-12-15,108,-4.5,-8.8,-0.4
2005-12-16,108,-3.3,-6.5,0.4
2005-12-17,108,-9.7,-13.3,-5.8
2005-12-18,108,-9.2,-14,-3.7
2005-12-19,108,-5,-9.8,0.3
2005-12-20,108,-2.8,-7.5,1.3
2005-12-21,108,-6.2,-9.6,-1.7
2005-12-22,108,-6.6,-11.1,-3.2
2005-12-23,108,-3.2,-5.3,0.2
2005-12-24,108,-4.2,-8.6,-0.5
2005-12-25,108,-1.7,-6.9,2
2005-12-26,108,-7.5,-10.1,-4
2005-12-27,108,-6.9,-10.1,-3.2
2005-12-28,108,-5,-9.1,-0.4
2005-12-29,108,-2.9,-6.8,1.2
2006-01-03,108,-2.4,-4.5,1.2
2006-01-04,108,-6.2,-8.3,-4.4
2006-01-05,108,-7.1,-10,-2.5
2006-01-06,108,-7.5,-10.1,-3.9
2006-01-07,108,-6.2,-9.6,-1.8
2006-01-08,108,-4.2,-8.5,0.4
2006-01-09,108,-1.6,-7,3
2006-01-10,108,-0.3,-2.2,2.4
2006-01-11,108,-1.2,-5.3,3.5
2006-01-22,108,-3.1,-6,-0.6
2006-01-23,108,-4.7,-8,-0.4
2006-01-24,108,-3.1,-7.6,1.7
2006-01-25,108,-0.7,-4.5,3.2
2006-02-02,108,-2.9,-8.6,1
2006-02-03,108,-11.7,-14.1,-8.6
2006-02-04,108,-9.3,-13.1,-4.6
2006-02-05,108,-5.3,-10.3,-1.6
2006-02-07,108,-0.9,-4.8,1.2
2006-02-08,108,-7.2,-9.3,-3.9
2006-02-09,108,-4.5,-10.3,-1.2
2006-02-12,108,-1.8,-5.9,2.5
2006-02-17,108,-4.5,-8.1,-1.3
2006-02-27,108,-0.5,-4.6,4.4
2006-03-02,108,-0.9,-2.9,2
2006-03-12,108,-4.3,-6.4,1
2006-03-13,108,-2,-6.9,3
2006-12-02,108,-2.8,-6.1,3
2006-12-03,108,-4.5,-8.5,-0.8
2006-12-04,108,-1.4,-5.4,2.5
2006-12-10,108,-0.4,-3.5,3.7
2006-12-17,108,-1,-3.9,1.6
2006-12-18,108,-2.4,-5.4,1.1
2006-12-28,108,-8.4,-11.3,-4.3
2006-12-29,108,-8.1,-12.3,-3.7
2006-12-30,108,-3.6,-8.8,-0.1
2007-01-06,108,-1.2,-4.8,4.6
2007-01-07,108,-3.9,-6.5,-0.8
2007-01-08,108,-3,-4.6,0.2
2007-01-09,108,-1.7,-6,2.5
2007-01-10,108,-0.4,-3,2.9
2007-01-11,108,-1.6,-4.5,1.5
2007-01-12,108,-3,-5.8,-0.8
2007-01-13,108,-5.2,-7.6,-2.2
2007-01-14,108,-2.7,-7.6,2.5
2007-01-15,108,-0.2,-4.5,4
2007-01-30,108,-0.4,-5,2.7
2007-01-31,108,-3.7,-6.5,-0.3
2007-02-01,108,-5.4,-8.3,-1.5
2007-02-02,108,-5,-8.6,-0.5
2007-02-14,108,-0.1,-3.2,4
2007-03-05,108,-2.1,-5.3,5.5
2007-03-06,108,-5,-7.6,-1.6
2007-03-07,108,-2.8,-6.9,1.2
2007-11-18,108,-1.8,-4.6,3
2007-11-19,108,-0.3,-5.5,3.9
2007-12-04,108,-2.8,-5.3,2.4
2007-12-05,108,-2.1,-5.8,1.7
2007-12-14,108,-0.1,-4,4
2007-12-29,108,-1.1,-4.8,3
2007-12-30,108,-6.4,-7.4,-4.8
2007-12-31,108,-5.4,-7,-2.9
2008-01-01,108,-6.3,-8.5,-3.2
2008-01-02,108,-3.4,-7.4,0.8
2008-01-04,108,-0.3,-4,3.7
2008-01-13,108,-4.3,-8.5,-1.1
2008-01-14,108,-2.7,-5.1,1.5
2008-01-15,108,-4.2,-7.1,-0.4
2008-01-16,108,-7.1,-9.5,-3
2008-01-17,108,-7.2,-11.1,-3.9
2008-01-18,108,-4.8,-8.6,-0.7
2008-01-19,108,-2.2,-6.9,1.5
2008-01-23,108,-2.8,-8.3,0.8
2008-01-24,108,-7.5,-10.9,-3.7
2008-01-25,108,-5.9,-9.7,-1.6
2008-01-26,108,-2.7,-7,1.8
2008-01-27,108,-1.4,-5.8,4.4
2008-01-28,108,-0.8,-3.2,2.3
2008-01-29,108,-0.2,-2.9,3.5
2008-01-30,108,-2.2,-5,0
2008-01-31,108,-4.2,-6.9,-0.5
2008-02-01,108,-3.3,-7.5,1.6
2008-02-02,108,-1.1,-5.2,3.1
2008-02-03,108,-0.7,-2.7,2.5
2008-02-04,108,-2.7,-5.1,1.2
2008-02-05,108,-3.4,-7.1,0.7
2008-02-06,108,-3.2,-6.2,1.3
2008-02-07,108,-3.9,-7.9,0.8
2008-02-08,108,-2.7,-7.5,1.5
2008-02-09,108,-1.9,-3.5,0.7
2008-02-10,108,-1.3,-5.3,3.4
2008-02-11,108,-0.9,-4,4
2008-02-12,108,-6.9,-9.7,-3.3
2008-02-13,108,-5.8,-10.1,-1.1
2008-02-14,108,-2.1,-7,2.7
2008-02-15,108,-3.5,-6.2,0.2
2008-02-16,108,-3.4,-7.4,1.2
2008-02-17,108,-2.3,-5.5,2.2
2008-02-18,108,-1.5,-5.8,4
2008-02-23,108,-2.6,-4.5,1.2
2008-02-24,108,-1.5,-7.2,4.4
2008-02-25,108,-0.9,-3.1,2.5
2008-02-26,108,-1.1,-2.5,1.2
2008-11-18,108,-3.1,-5.5,0.4
2008-11-19,108,-4.2,-7.2,-0.7
2008-12-05,108,-7.6,-11.9,-0.7
2008-12-06,108,-9,-13.1,-4.9
2008-12-07,108,-2.8,-8,1.2
2008-12-14,108,-1.1,-5,3.3
2008-12-18,108,-0.3,-2.8,3.7
2008-12-21,108,-0.3,-2.8,4.3
2008-12-22,108,-5.1,-8.1,-2.7
2008-12-23,108,-1.2,-4.7,3.2
2008-12-25,108,-1.3,-5.4,3.6
2008-12-26,108,-5.6,-8.5,-2.4
2008-12-27,108,-3,-7.6,1.1
2008-12-30,108,-4.2,-7.3,0.3
2008-12-31,108,-6.2,-8,-2.9
2009-01-01,108,-5.8,-9.5,-2.5
2009-01-02,108,-2.8,-6.9,1.2
2009-01-03,108,-1,-5.6,4
2009-01-05,108,-1.6,-3.4,1.2
2009-01-06,108,-2,-5.4,1.4
2009-01-07,108,-0.5,-4.2,4.2
2009-01-08,108,-0.9,-4,2.5
2009-01-09,108,-3.5,-6.8,-0.5
2009-01-10,108,-7.5,-9.9,-4.3
2009-01-11,108,-8,-9.6,-4.2
2009-01-12,108,-7.8,-11,-3.2
2009-01-13,108,-5.5,-9,-1.5
2009-01-14,108,-6.6,-9.4,-3.2
2009-01-15,108,-6.3,-11.2,-2
2009-01-16,108,-2.8,-4.8,0.4
2009-01-17,108,-1.4,-5.9,3.1
2009-01-23,108,-9,-11,-2
2009-01-24,108,-8.1,-11.4,-5.1
2009-01-25,108,-4.6,-9.3,1
2009-01-26,108,-3.3,-5.3,-0.2
2009-01-27,108,-1.9,-6.8,3.9
2009-02-15,108,-1.6,-6.4,2.4
2009-02-16,108,-6,-8.6,-2.3
2009-02-17,108,-4.6,-8.6,-0.5
2009-02-18,108,-2.2,-6,1.4
2009-02-20,108,-2.5,-6.8,-0.1
2009-02-21,108,-2.2,-7.8,2.7
2009-11-15,108,-0.5,-2.9,1.9
2009-11-16,108,-1.8,-4.2,1
2009-11-17,108,-1.1,-2.9,1.9
2009-11-18,108,-0.6,-4.3,3.1
2009-11-21,108,-0.1,-3.4,3.8
2009-12-06,108,-3.5,-6.3,-0.3
2009-12-07,108,-0.1,-5.3,5.1
2009-12-14,108,-0.3,-2.6,3.6
2009-12-15,108,-4.2,-7.5,-1.5
2009-12-16,108,-6.3,-9.2,-3
2009-12-17,108,-7.2,-10.2,-3.2
2009-12-18,108,-9.3,-12,-5.7
2009-12-19,108,-7.9,-10.8,-4.3
2009-12-20,108,-5.3,-8.8,-0.9
2009-12-21,108,-3.6,-8.5,0.5
2009-12-26,108,-8.1,-11,-4.6
2009-12-27,108,-7.9,-9.9,-5.5
2009-12-28,108,-8.6,-10.8,-5.4
2009-12-29,108,-4.5,-9.9,1.6
2009-12-30,108,-4,-9.5,1.8
2009-12-31,108,-10.8,-12.9,-8.3
2010-01-01,108,-7.6,-12.7,-3.6
2010-01-02,108,-3.6,-7.4,0.2
2010-01-03,108,-6.8,-10.5,-3.2
2010-01-04,108,-5.9,-8,-3.4
2010-01-05,108,-9.9,-12.3,-7
2010-01-06,108,-11.2,-13.3,-8.1
2010-01-07,108,-10.1,-13.6,-5.5
2010-01-08,108,-8,-11.8,-3.3
2010-01-09,108,-5.1,-8.7,-1.9
2010-01-10,108,-3.4,-5.3,-0.3
2010-01-11,108,-5.2,-8.3,-1.3
2010-01-12,108,-10.3,-12.9,-7.3
2010-01-13,108,-13.2,-15.3,-10.7
2010-01-14,108,-9.1,-14.4,-4.1
2010-01-15,108,-5,-7.5,-0.6
2010-01-16,108,-6.4,-10.1,-2.1
2010-01-17,108,-4,-9,1.4
2010-01-18,108,-0.5,-3.9,1.9
2010-01-21,108,-4.1,-8,2.4
2010-01-22,108,-7,-9.6,-3.4
2010-01-23,108,-5.3,-9.1,-0.9
2010-01-25,108,-3,-8.5,2.6
2010-01-26,108,-4.1,-9.5,1.1
2010-01-27,108,-0.2,-4,3.1
2010-01-28,108,-0.4,-5,2.7
2010-01-29,108,-2.1,-7.3,1.4
2010-02-02,108,-6.2,-9.1,-2.6
2010-02-03,108,-8,-10.8,-5
2010-02-04,108,-4.3,-8.3,-0.6
2010-02-05,108,-5.5,-7.9,-1.9
2010-02-06,108,-4.7,-9.6,0.9
2010-02-12,108,-0.3,-1.8,1.1
2010-02-13,108,-2.3,-3.3,-0.3
2010-02-14,108,-2.2,-5,1.2
2010-02-15,108,-3.1,-6,-0.3
2010-02-16,108,-4.5,-8,-0.4
2010-02-17,108,-3.2,-7.2,0.3
2010-02-18,108,-2.9,-4.4,-1
2010-02-19,108,-1,-4.7,2.5
2010-03-10,108,-1.4,-4,0.5
2010-03-17,108,-0.1,-1.9,3.1
2010-11-28,108,-1.3,-5.2,2
2010-12-07,108,-0.7,-4.8,4.6
2010-12-09,108,-1.8,-4.3,2.3
2010-12-11,108,-3.5,-6.2,6.7
2010-12-12,108,-1.2,-6.6,3.7
2010-12-14,108,-4,-10.1,1.8
2010-12-15,108,-10.5,-12.7,-7.3
2010-12-16,108,-7.7,-12.9,-4.1
2010-12-17,108,-2.1,-5.5,2.6
2010-12-23,108,-1.9,-9.5,4.5
2010-12-24,108,-12.3,-15.1,-9
2010-12-25,108,-11.2,-14.3,-6.7
2010-12-26,108,-9.3,-13.6,-5.1
2010-12-27,108,-4.9,-9.4,-2.1
2010-12-28,108,-2.6,-6,-0.1
2010-12-29,108,-5.7,-9.4,-2.1
2010-12-30,108,-6.1,-9,-3.6
2010-12-31,108,-8.7,-10.7,-6.2
2011-01-01,108,-6.8,-10.4,-2.9
2011-01-02,108,-5.4,-8.5,-1.2
2011-01-03,108,-4.5,-8.5,-0.3
2011-01-04,108,-3.9,-7.4,-1.7
2011-01-05,108,-4,-7.7,-1.8
2011-01-06,108,-7.6,-9.8,-4.6
2011-01-07,108,-7,-10.6,-2.9
2011-01-08,108,-3.6,-8.2,0.1
2011-01-09,108,-7,-10.3,-0.3
2011-01-10,108,-8.2,-11.8,-4.6
2011-01-11,108,-5.4,-7.8,-2.7
2011-01-12,108,-8.2,-11.1,-4.9
2011-01-13,108,-5.9,-11.1,-0.6
2011-01-14,108,-3.8,-6.9,0.3
2011-01-15,108,-12.2,-15.7,-6.9
2011-01-16,108,-14.5,-17.8,-10.7
2011-01-17,108,-9.7,-14.1,-4.8
2011-01-18,108,-6.7,-10.8,-2.7
2011-01-19,108,-6.6,-10,-3.2
2011-01-20,108,-8.2,-10.5,-4.7
2011-01-21,108,-6.8,-9.7,-3.2
2011-01-22,108,-4.3,-7.1,-0.8
2011-01-23,108,-4.5,-7.1,-2.1
2011-01-24,108,-8.8,-10.9,-5.8
2011-01-25,108,-8.4,-11.9,-4.4
2011-01-26,108,-8.5,-10.7,-5.2
2011-01-27,108,-8.9,-11.5,-5.7
2011-01-28,108,-7.9,-10.5,-4.3
2011-01-29,108,-9.1,-11.5,-5.5
2011-01-30,108,-10.1,-13.6,-5.7
2011-01-31,108,-6.2,-12.7,-1.8
2011-02-01,108,-0.2,-4.2,5
2011-02-09,108,-1.2,-4.1,2.1
2011-02-10,108,-2.1,-5.6,2.7
2011-02-11,108,-2.9,-6.2,1.8
2011-02-12,108,-5.9,-9.2,-1.8
2011-02-13,108,-4.8,-9,-0.2
2011-02-14,108,-3.4,-6.7,-0.2
2011-02-15,108,-1.8,-5.5,2.9
2011-02-16,108,-0.6,-5,4.3
2011-03-02,108,-2.1,-4.2,1.6
2011-03-03,108,-2.1,-5.5,2.5
2011-03-16,108,-0.4,-3.1,3.2
2011-11-24,108,-1.6,-5.5,2
2011-12-09,108,-2.7,-4.4,0.1
2011-12-10,108,-1.7,-4.9,1.4
2011-12-15,108,-3.9,-5.8,-0.9
2011-12-16,108,-7.1,-9.8,-3.5
2011-12-17,108,-5.8,-10.6,-1.6
2011-12-18,108,-2.4,-5,1.4
2011-12-19,108,-2.4,-6.7,1.9
2011-12-20,108,-0.3,-5.1,3.8
2011-12-22,108,-5.5,-8.7,1.1
2011-12-23,108,-5.4,-10.1,-1.1
2011-12-24,108,-5.2,-7.8,-3
2011-12-25,108,-7.1,-9.5,-3.5
2011-12-26,108,-7.1,-10.1,-3.5
2011-12-27,108,-4,-8.8,1.2
2011-12-28,108,-0.5,-4.1,2.2
2011-12-29,108,-1.7,-4.8,1.7
2011-12-30,108,-3,-6.4,1.9
2011-12-31,108,-1.9,-6,1.4
2012-01-01,108,-3,-6.9,0.4
2012-01-02,108,-4.8,-8.3,-1.2
2012-01-03,108,-4.5,-6.8,-0.2
2012-01-04,108,-7.4,-9.6,-4.3
2012-01-05,108,-5.7,-9.8,-1.3
2012-01-06,108,-2.8,-5.6,1.3
2012-01-07,108,-3.8,-8,2
2012-01-08,108,-2.5,-5.5,0.4
2012-01-09,108,-0.3,-1.8,2.7
2012-01-10,108,-2.5,-5.8,1.5
2012-01-11,108,-6,-8.1,-3.3
2012-01-12,108,-4.6,-10.3,-0.4
2012-01-13,108,-1.2,-4.1,2.6
2012-01-14,108,-1.5,-6.3,2.7
2012-01-15,108,-2.6,-4.7,0.3
2012-01-22,108,-7.7,-11.6,-2.4
2012-01-23,108,-9.6,-12.2,-5.3
2012-01-24,108,-7.3,-11.8,-3.1
2012-01-25,108,-8.2,-11.6,-5
2012-01-26,108,-2.9,-8.5,1.8
2012-01-27,108,-0.9,-4.4,4.9
2012-01-28,108,-1.8,-6,3.1
2012-01-29,108,-2.8,-5.5,1.6
2012-01-30,108,-5.6,-8.8,-0.8
2012-01-31,108,-4.7,-8.5,-0.3
2012-02-01,108,-12.8,-15.3,-8.1
2012-02-02,108,-13.7,-17.1,-9.5
2012-02-03,108,-8.6,-14.5,-3.9
2012-02-04,108,-3,-5.2,1
2012-02-05,108,-0.9,-4.5,4.8
2012-02-07,108,-8.7,-11.5,-0.1
2012-02-08,108,-8,-12.1,-3.8
2012-02-09,108,-4.5,-9,-0.5
2012-02-10,108,-3.5,-6.9,1.7
2012-02-11,108,-3.8,-9.2,0.8
2012-02-12,108,-0.1,-5,4.8
2012-02-15,108,-1.3,-4.1,3
2012-02-16,108,-2.8,-6.1,2.7
2012-02-17,108,-6.4,-8.8,-2.9
2012-02-18,108,-6.8,-9.6,-2.2
2012-02-19,108,-4.4,-9.6,1.3
2012-02-20,108,-0.2,-5.5,5.3
2012-02-26,108,-1.6,-4,3.2
2012-02-27,108,-0.7,-5.9,5.2
2012-03-11,108,-2.4,-4.6,1.3
2012-03-12,108,-1.6,-5.7,3.2
2012-12-01,108,-0.9,-5.9,4
2012-12-04,108,-3.3,-5.9,-0.1
2012-12-05,108,-3.8,-6.2,-0.8
2012-12-06,108,-6.3,-10.3,-2.9
2012-12-07,108,-4.5,-6.4,-2.4
2012-12-08,108,-8.2,-11,-5.3
2012-12-09,108,-10.5,-13.2,-7
2012-12-10,108,-8.3,-11.8,-4.6
2012-12-11,108,-6.5,-10.4,-0.8
2012-12-12,108,-5,-9,0
2012-12-13,108,-1.5,-6.2,3.4
2012-12-17,108,-0.4,-4.7,3.2
2012-12-18,108,-6.8,-9.2,-4
2012-12-19,108,-6.9,-10.4,-2.8
2012-12-20,108,-3.4,-7.8,0.3
2012-12-21,108,-0.7,-1.9,0.8
2012-12-22,108,-3,-5.9,-0.8
2012-12-23,108,-8.9,-12.5,-5.9
2012-12-24,108,-8.8,-13.6,-4.5
2012-12-25,108,-8.9,-13.7,-4.6
2012-12-26,108,-10.8,-14.5,-7
2012-12-27,108,-5.7,-11.3,-0.8
2012-12-28,108,-0.9,-3.5,1.5
2012-12-29,108,-0.3,-1.9,0.6
2012-12-30,108,-8.2,-10.7,0
2012-12-31,108,-8.7,-11.6,-5
2013-01-01,108,-4.7,-8.7,0
2013-01-02,108,-11.7,-15.1,-4.8
2013-01-03,108,-13.2,-16.4,-9.3
2013-01-04,108,-10.7,-14.8,-5.8
2013-01-05,108,-7,-12.1,-1.2
2013-01-06,108,-6.3,-9.4,-2
2013-01-07,108,-5.1,-8.8,0.1
2013-01-08,108,-4.6,-6.8,-0.7
2013-01-09,108,-9,-10.7,-6.4
2013-01-10,108,-8.3,-12.3,-3.6
2013-01-11,108,-3.2,-7.9,1.4
2013-01-13,108,-0.5,-3,3.3
2013-01-14,108,-2.1,-4.3,1.8
2013-01-15,108,-2.1,-5.5,2
2013-01-16,108,-2.6,-5.8,0.4
2013-01-17,108,-5.8,-8.2,-2.5
2013-01-18,108,-4.4,-9.2,0.2
2013-01-24,108,-0.9,-6.7,2.4
2013-01-25,108,-9.1,-10.8,-6.5
2013-01-26,108,-9.2,-11.9,-5.1
2013-01-27,108,-7.3,-10.7,-3.9
2013-01-28,108,-3.5,-8.9,0.2
2013-02-02,108,-1.1,-4.5,3.7
2013-02-03,108,-3.2,-5.8,-1.1
2013-02-04,108,-0.8,-3.3,2.5
2013-02-05,108,-0.6,-4,2.7
2013-02-06,108,-1.5,-3.1,0.2
2013-02-07,108,-11.1,-13.8,-2.6
2013-02-08,108,-11.5,-15.8,-6.1
2013-02-09,108,-7.2,-12.3,-2.6
2013-02-10,108,-4,-8.4,-0.5
2013-02-11,108,-5.8,-10.4,-0.9
2013-02-12,108,-3.8,-4.8,-1.9
2013-02-13,108,-1.3,-6.3,2.9
2013-02-15,108,-1.2,-5.2,1.5
2013-02-16,108,-2.6,-7,2.6
2013-02-19,108,-2.9,-7.1,0.6
2013-02-20,108,-4.8,-8.7,0
2013-02-21,108,-1.7,-5.3,2.5
2013-02-23,108,-0.9,-4.4,2.4
2013-03-02,108,-0.8,-4.4,3.1
2013-11-28,108,-3.8,-6.4,-0.9
2013-11-29,108,-0.7,-5.4,4.8
2013-12-11,108,-1.7,-4.3,0.2
2013-12-12,108,-3.2,-6.3,0.3
2013-12-13,108,-6.8,-8.9,-4.3
2013-12-14,108,-4.9,-8.5,-1.4
2013-12-15,108,-4.4,-8,0.7
2013-12-16,108,-3.6,-7.3,0.5
2013-12-17,108,-0.3,-5.5,4.7
2013-12-19,108,-3.5,-6.5,-0.9
2013-12-20,108,-4,-8.1,-0.1
2013-12-21,108,-3.1,-6.3,0.9
2013-12-22,108,-2.1,-6.8,3.1
2013-12-23,108,-1.1,-3.7,2.3
2013-12-24,108,-1.6,-5.9,4
2013-12-25,108,-0.5,-4.4,3.7
2013-12-26,108,-0.5,-4,2.7
2013-12-27,108,-6.8,-9.3,-3.7
2013-12-28,108,-6.5,-9.8,-2.7
2013-12-29,108,-2.9,-8,1.6
2014-01-04,108,-0.1,-3.7,5.6
2014-01-05,108,-0.8,-4.3,3.8
2014-01-09,108,-7.8,-10.4,-4.3
2014-01-10,108,-4.7,-9.3,-0.9
2014-01-11,108,-1.7,-5.4,2.4
2014-01-12,108,-2.4,-7.7,2.5
2014-01-13,108,-6.2,-10.5,-1.6
2014-01-14,108,-4.3,-8.9,1.1
2014-01-15,108,-2.9,-7.6,2.2
2014-01-17,108,-0.1,-3.7,3.8
2014-01-18,108,-2.2,-4.9,0.8
2014-01-19,108,-2.6,-7.4,2.4
2014-01-20,108,-1.5,-4.2,1.9
2014-01-21,108,-5.5,-7.2,-3.1
2014-01-22,108,-3.9,-9.5,1.6
2014-01-23,108,-0.8,-5.2,4.1
2014-01-26,108,-2.1,-5.3,2.3
2014-02-03,108,-3.5,-8.2,2.8
2014-02-04,108,-7.4,-10.5,-3.7
2014-02-05,108,-4.8,-8.9,0.3
2014-02-06,108,-1.3,-5.2,4.5
2014-02-09,108,-1.6,-3.4,0.7
2014-02-10,108,-0.1,-2.9,4.4
2014-03-07,108,-0.6,-4.6,4.3
2014-11-13,108,-0.2,-3.1,4.3
2014-12-01,108,-1.1,-7.2,7.9
2014-12-02,108,-5.4,-8.2,-2.7
2014-12-03,108,-3.3,-6.5,-0.5
2014-12-04,108,-4.6,-7.4,-0.2
2014-12-05,108,-6.6,-10.1,-2.5
2014-12-06,108,-5.6,-8.8,-0.5
2014-12-07,108,-3.4,-8.2,0.2
2014-12-08,108,-1.6,-4.8,2.7
2014-12-09,108,-2.4,-7.4,4.1
2014-12-11,108,-1.5,-5.2,3.2
2014-12-12,108,-3.8,-7,0.5
2014-12-13,108,-5.2,-7.3,-2
2014-12-14,108,-3.6,-8.6,0.6
2014-12-15,108,-0.1,-1.7,2
2014-12-16,108,-4.9,-9.4,1.7
2014-12-17,108,-9,-11.1,-5.2
2014-12-18,108,-8.3,-13.2,-2.2
2014-12-19,108,-3.8,-8.1,0
2014-12-20,108,-1.7,-6.6,2.1
2014-12-21,108,-6.4,-9,-1.3
2014-12-22,108,-4.7,-9.7,0.8
2014-12-23,108,-1.3,-5.7,1.8
2014-12-25,108,-2.6,-5.9,1.8
2014-12-26,108,-3.2,-7.4,2.5
2014-12-27,108,-1.8,-6.3,5
2014-12-28,108,-0.8,-3.6,1.6
2014-12-31,108,-1.9,-6.9,1.7
2015-01-01,108,-7.7,-9.8,-4.3
2015-01-02,108,-6,-9,-1.9
2015-01-03,108,-2.7,-9.2,3.1
2015-01-06,108,-3.2,-7.6,4
2015-01-07,108,-5.5,-8.9,-0.6
2015-01-08,108,-5.1,-9.5,-0.2
2015-01-09,108,-2.1,-6.8,3.5
2015-01-10,108,-0.3,-5.6,4.8
2015-01-11,108,-0.4,-4.3,2.5
2015-01-12,108,-2.7,-7.3,3.7
2015-01-17,108,-4.1,-7.7,0
2015-01-18,108,-1.3,-6.5,2.1
2015-01-19,108,-0.1,-4,3.1
2015-01-20,108,-0.9,-6.4,4.4
2015-01-27,108,-3.6,-7.4,0.5
2015-01-28,108,-4.1,-9.1,2.7
2015-01-29,108,-1.1,-4.6,3
2015-01-30,108,-3.3,-7,0.8
2015-01-31,108,-4.5,-8.5,0.8
2015-02-01,108,-3,-8.2,3.6
2015-02-02,108,-0.6,-5.3,6.4
2015-02-05,108,-0.1,-3.8,4.8
2015-02-08,108,-9.8,-11.9,-2.8
2015-02-09,108,-5.7,-13,-0.1
2015-02-12,108,-2.2,-4.7,1.6
2015-02-13,108,-1.6,-6.4,4
2015-02-27,108,-1.3,-5.6,4.8
2015-03-04,108,-2.1,-4.6,1.4
2015-03-05,108,-0.3,-5.4,5.5
2015-03-10,108,-3.4,-6.9,1
2015-11-26,108,-2.7,-4.8,0.9
2015-11-27,108,-2.8,-7.3,2
2015-12-03,108,-0.7,-3.2,3.3
2015-12-04,108,-0.4,-4.4,3.1
2015-12-16,108,-1,-5,2.8
2015-12-17,108,-4.6,-7.4,-0.4
2015-12-18,108,-3.3,-7,-1
2015-12-19,108,-0.1,-4.6,6.8
2015-12-25,108,-0.8,-4.9,3.7
2015-12-27,108,-5.7,-8.9,-1
2015-12-28,108,-5.7,-9.5,-1
2015-12-29,108,-3.2,-8.7,2.9
2016-01-05,108,-2.7,-4.8,1.5
2016-01-06,108,-1.7,-4.9,1.7
2016-01-07,108,-3.4,-5.9,1.4
2016-01-08,108,-3.3,-6.9,1
2016-01-09,108,-2.1,-6.2,2.4
2016-01-11,108,-3.8,-6.5,0.9
2016-01-12,108,-5.2,-9.1,0.7
2016-01-13,108,-4.5,-8.2,0.1
2016-01-14,108,-3.4,-8.4,1.3
2016-01-15,108,-0.4,-4.3,5.3
2016-01-16,108,-0.2,-2.1,2.8
2016-01-18,108,-6.3,-12.3,0.4
2016-01-19,108,-12.8,-15.1,-8.9
2016-01-20,108,-10.5,-14.5,-5.2
2016-01-21,108,-7.1,-10.2,-2.3
2016-01-22,108,-7.6,-11.1,-3.8
2016-01-23,108,-11.5,-16,-8.3
2016-01-24,108,-14.4,-18,-10.5
2016-01-25,108,-9.4,-14.3,-3.4
2016-01-26,108,-3.3,-8.5,1.7
2016-01-27,108,-1.1,-4.7,4.3
2016-01-28,108,-0.5,-5.6,3.5
2016-01-31,108,-3.9,-6.5,0.3
2016-02-01,108,-6,-9.1,-1
2016-02-02,108,-5.3,-10,0.9
2016-02-03,108,-2.4,-8.3,4
2016-02-04,108,-0.7,-4,3.9
2016-02-05,108,-2.2,-6.8,3.4
2016-02-06,108,-3.1,-6.2,2
2016-02-07,108,-2.9,-8.3,3.5
2016-02-14,108,-2.6,-6.8,5.8
2016-02-15,108,-5.8,-10,-2.3
2016-02-16,108,-2.7,-6.7,1.1
2016-02-21,108,-0.6,-4.2,4.4
2016-02-24,108,-3,-6.8,2.2
2016-02-25,108,-0.2,-5.8,5.7
2016-02-29,108,-3.8,-5.9,-1.1
2016-03-01,108,-2.7,-7.5,2.1
2016-03-10,108,-1.1,-4.3,3.1
2016-03-11,108,-0.5,-5.5,4.6
2016-11-23,108,-1.8,-4.8,3.6
2016-11-24,108,-2.5,-6.2,2.4
2016-12-06,108,-1.1,-4.2,4.3
2016-12-10,108,-1.6,-5.9,3.6
2016-12-11,108,-1.1,-6.1,6.4
2016-12-14,108,-1.4,-2.3,-0.1
2016-12-15,108,-5,-7.6,-1.5
2016-12-16,108,-4.7,-9.8,0
2016-12-23,108,-2.5,-4.4,1.5
2016-12-24,108,-2.4,-4.3,1.1
2016-12-27,108,-2.3,-6.3,1.3
2016-12-28,108,-3.7,-8.4,2.6
2016-12-29,108,-4.2,-7.2,-1.1
2016-12-30,108,-3.9,-9.1,1
2017-01-10,108,-3.7,-7.4,1.1
2017-01-11,108,-3.8,-9.4,1.5
2017-01-12,108,-2.2,-6.1,1
2017-01-13,108,-6,-8.6,-1.4
2017-01-14,108,-8.4,-10.5,-5.4
2017-01-15,108,-6.6,-11.5,-0.9
2017-01-16,108,-3.8,-8.9,4
2017-01-17,108,-2,-7.1,3.4
2017-01-18,108,-0.5,-3,2.8
2017-01-19,108,-1.2,-4.9,4.7
2017-01-20,108,-4.4,-7.8,-1.4
2017-01-21,108,-5.2,-10,-0.9
2017-01-22,108,-8.3,-10.9,-3.3
2017-01-23,108,-8.9,-12.6,-4.1
2017-01-24,108,-7,-11.6,-1.3
2017-01-25,108,-5.2,-10.2,0.9
2017-01-26,108,-1.3,-7.9,3.4
2017-01-27,108,-2.6,-5.7,3.1
2017-01-28,108,-1.6,-8.2,4.3
2017-01-30,108,-4.8,-7.9,-0.9
2017-01-31,108,-5.4,-9.9,0.2
2017-02-01,108,-4,-7.5,0.7
2017-02-02,108,-2.7,-9.2,3.3
2017-02-06,108,-1.7,-4.4,2.6
2017-02-07,108,-2,-5.6,3
2017-02-08,108,-2.2,-4.9,0.6
2017-02-09,108,-5.3,-7.1,-2.1
2017-02-10,108,-6.6,-9.3,-2.5
2017-02-11,108,-4.8,-9.2,0.8
2017-02-12,108,-2.2,-7.4,4.2
2017-02-18,108,-2.6,-7,2.9
2017-02-20,108,-1.5,-5.2,5.4
2017-02-21,108,-0.6,-7.6,6.9
2017-02-23,108,-1.5,-4.2,2.1
2017-02-24,108,-0.8,-5.8,4.4
2017-03-07,108,-1.3,-4,2.9
2017-03-08,108,-0.1,-5.3,5
2017-11-18,108,-2.1,-4.8,2.6
2017-11-19,108,-1.6,-6.6,3.5
2017-11-20,108,-0.4,-3.9,4.2
2017-11-24,108,-0.4,-2.5,2.9
2017-11-30,108,-2.4,-5.2,2.7
2017-12-01,108,-2.2,-7.6,3.1
2017-12-04,108,-1.2,-6.1,4.5
2017-12-05,108,-4.2,-8.2,-0.4
2017-12-08,108,-3.8,-7.1,-0.5
2017-12-09,108,-0.5,-5.6,5.4
2017-12-11,108,-7,-11,-2.5
2017-12-12,108,-9.4,-12.3,-5.2
2017-12-13,108,-8.7,-12,-4.4
2017-12-14,108,-6.6,-11.2,-1.9
2017-12-15,108,-3,-7.5,0.9
2017-12-16,108,-5.7,-8.1,-2.6
2017-12-17,108,-6.7,-10.8,-2.3
2017-12-18,108,-1.6,-5.9,3.3
2017-12-19,108,-3.9,-6.5,-1
2017-12-20,108,-3.9,-8.5,-0.1
2017-12-21,108,-0.9,-5.6,4.6
2017-12-25,108,-2.1,-4.9,0.6
2017-12-26,108,-3.8,-7.9,-1.1
2017-12-27,108,-6.9,-10.3,-2.6
2017-12-28,108,-2.1,-6.8,0.8
2017-12-31,108,-0.3,-3.2,3.3
2018-01-01,108,-1.3,-5.1,3.8
2018-01-02,108,-1.8,-4.3,1.8
2018-01-03,108,-4.7,-7.1,-0.4
2018-01-04,108,-4.7,-8.7,-0.7
2018-01-05,108,-3,-5.6,1.6
2018-01-06,108,-2.8,-6.8,2.9
2018-01-07,108,-0.8,-5.7,2.8
2018-01-09,108,-4.2,-6.1,-1.2
2018-01-10,108,-7.5,-10.3,-4.8
2018-01-11,108,-11.1,-13.6,-7.4
2018-01-12,108,-10.2,-15.3,-5.4
2018-01-13,108,-4.4,-6.6,-1.2
2018-01-23,108,-11.7,-14.6,-5.3
2018-01-24,108,-14.2,-16.3,-10.7
2018-01-25,108,-14,-16.4,-9.5
2018-01-26,108,-14.8,-17.8,-10.7
2018-01-27,108,-9.9,-15.9,-3.5
2018-01-28,108,-6.3,-9.3,-1.2
2018-01-29,108,-8.5,-11.6,-4.7
2018-01-30,108,-5.3,-11.4,-0.8
2018-01-31,108,-2.6,-5.2,0
2018-02-01,108,-4,-8.8,1.2
2018-02-02,108,-2.4,-7.6,3.8
2018-02-03,108,-7.3,-10.4,-2.1
2018-02-04,108,-9.5,-12.8,-5.2
2018-02-05,108,-9.4,-11.8,-5.1
2018-02-06,108,-10.1,-12.8,-5.8
2018-02-07,108,-8,-13.4,-1.6
2018-02-08,108,-4.4,-9.7,2
2018-02-10,108,-0.5,-6.9,3.2
2018-02-11,108,-6.1,-9.5,-2.2
2018-02-12,108,-5.8,-9.6,-1.8
2018-02-13,108,-0.8,-7.4,4.3
2018-02-15,108,-0.7,-3.7,4
2018-02-16,108,-1.1,-5.5,4.9
2018-02-17,108,-3,-7.1,1.4
2018-02-18,108,-0.4,-4.9,5.2
2018-02-21,108,-0.9,-4.5,4.4
2018-03-01,108,-0.2,-4.3,3
2018-03-02,108,-0.7,-6.7,5.4
2018-12-07,108,-7.3,-9.6,-1.1
2018-12-08,108,-8.3,-11.4,-4.4
2018-12-09,108,-7.2,-11.8,-2.1
2018-12-10,108,-2.5,-8.1,4.6
2018-12-12,108,-1.9,-5,2.4
2018-12-13,108,-2.2,-5.9,2.1
2018-12-14,108,-4.4,-7.8,0.6
2018-12-15,108,-2.4,-7.8,3.2
2018-12-24,108,-2.3,-5.9,3.1
2018-12-26,108,-1.5,-7.1,3
2018-12-27,108,-10.1,-12.5,-6.5
2018-12-28,108,-10.5,-14.4,-6.6
2018-12-29,108,-7.6,-10.5,-3
2018-12-30,108,-6.8,-11.3,-0.9
2018-12-31,108,-5.4,-10.5,-0.5
2019-01-01,108,-5,-8.2,-0.6
2019-01-02,108,-4.9,-8.8,0.2
2019-01-03,108,-3.5,-8.4,3.2
2019-01-04,108,-1.1,-6.2,4.1
2019-01-05,108,-2.8,-5.5,1.1
2019-01-06,108,-2.8,-6.3,2.7
2019-01-07,108,-1.9,-6.2,3.1
2019-01-08,108,-3.5,-7.2,0.5
2019-01-09,108,-4.7,-9.4,1.3
2019-01-10,108,-0.6,-4.5,3
2019-01-15,108,-1.7,-7.2,2.6
2019-01-16,108,-5.2,-10.1,-1.1
2019-01-17,108,-0.3,-3.2,4
2019-01-20,108,-1.4,-5.5,4
2019-01-21,108,-1.2,-6.7,4.2
2019-01-25,108,-1.2,-3.8,2.6
2019-01-26,108,-2.5,-6.5,2.4
2019-01-27,108,-0.1,-6.6,5.1
2019-01-29,108,-0.2,-5.6,7
2019-01-31,108,-2,-6.2,2.3
2019-02-01,108,-2.1,-7.4,2.8
2019-02-04,108,-0.6,-3.3,3
2019-02-07,108,-2.1,-8.2,6.3
2019-02-08,108,-6.1,-10.2,-1.3
2019-02-09,108,-5.4,-8.6,-1.9
2019-02-10,108,-5,-9.1,-1.9
2019-02-11,108,-3,-7.5,2
2019-02-12,108,-0.6,-4.1,3.7
2019-02-13,108,-2.1,-5.7,2.5
2019-02-14,108,-0.5,-5.9,6.3
2019-02-15,108,-0.8,-2.9,0.9
2019-02-16,108,-2.7,-5.1,1.5
2019-02-17,108,-1.8,-6.8,4.6
